#IID	chr10_112098237_112098259	chr10_121301507_121301530	chr10_125973534_125973557	chr10_132440864_132440887	chr10_133087293_133087316	chr10_23362361_23362384	chr10_26627515_26627538	chr10_27608831_27608854	chr10_44202581_44202604	chr10_71747924_71747947	chr10_73886161_73886184	chr10_79453132_79453155	chr10_92482642_92482664	chr11_115565194_115565217	chr11_117947004_117947026	chr11_119484917_119484940	chr11_122661505_122661528	chr11_15782226_15782249	chr11_17496696_17496719	chr11_46506193_46506216	chr11_67283304_67283327	chr11_73395842_73395865	chr11_77227980_77228003	chr11_869269_869292	chr11_87771024_87771047	chr12_104198213_104198236	chr12_106237011_106237034	chr12_109540661_109540684	chr12_109615772_109615796	chr12_111626790_111626813	chr12_12250507_12250530	chr12_125036764_125036787	chr12_132325668_132325691	chr12_132672513_132672536	chr12_132798533_132798556	chr12_26325895_26325918	chr12_47617791_47617814	chr12_52988942_52988965	chr12_57630394_57630417	chr12_6773276_6773299	chr12_72994044_72994067	chr12_80031811_80031833	chr12_80057126_80057149	chr12_874762_874784	chr13_102628183_102628206	chr13_105960562_105960585	chr13_113837844_113837866	chr13_41518826_41518849	chr13_41720278_41720301	chr13_95914043_95914066	chr14_102932038_102932061	chr14_22547499_22547522	chr14_35389324_35389347	chr14_46617091_46617114	chr14_59828029_59828052	chr14_62562170_62562193	chr14_63295603_63295626	chr14_63439711_63439734	chr14_64511461_64511484	chr14_71106871_71106894	chr14_74573546_74573569	chr14_89717977_89718000	chr14_90593844_90593867	chr14_96583489_96583511	chr15_25222747_25222770	chr15_29888969_29888992	chr15_36995655_36995678	chr15_40226786_40226809	chr15_49244011_49244034	chr15_57852499_57852522	chr15_58449633_58449656	chr15_74759222_74759245	chr15_77980180_77980203	chr15_78793835_78793858	chr15_79025491_79025514	chr15_89933455_89933478	chr15_98697406_98697429	chr16_10039510_10039533	chr16_13022991_13023014	chr16_28030708_28030731	chr16_46860814_46860837	chr16_55491673_55491697	chr16_68075964_68075987	chr16_84079770_84079792	chr16_88695983_88696006	chr16_90045406_90045429	chr17_34736921_34736944	chr17_35769853_35769876	chr17_35939945_35939967	chr17_41009887_41009910	chr17_73323765_73323788	chr17_73571845_73571868	chr17_78121265_78121288	chr17_78315854_78315877	chr17_79005342_79005365	chr18_33816004_33816027	chr18_37366352_37366374	chr18_45467593_45467616	chr18_48085907_48085930	chr18_7325296_7325318	chr18_79873071_79873094	chr18_79887153_79887176	chr19_10739083_10739106	chr19_10835488_10835510	chr19_12712417_12712440	chr19_15092166_15092189	chr19_15829245_15829268	chr19_17724214_17724237	chr19_19476626_19476649	chr19_2683720_2683743	chr19_33133244_33133267	chr19_45929458_45929481	chr19_47073982_47074006	chr19_48876684_48876707	chr19_49534465_49534488	chr19_51368595_51368618	chr19_55115748_55115771	chr19_55141324_55141347	chr19_6423613_6423635	chr19_7635157_7635180	chr19_8904891_8904914	chr1_107965729_107965752	chr1_12105189_12105212	chr1_151243240_151243263	chr1_155083648_155083671	chr1_16203383_16203406	chr1_165874206_165874228	chr1_181220940_181220963	chr1_184664107_184664130	chr1_18928574_18928598	chr1_201211122_201211145	chr1_213833306_213833329	chr1_226209760_226209783	chr1_22809064_22809087	chr1_25337076_25337099	chr1_26432026_26432049	chr1_4795888_4795911	chr1_48977028_48977051	chr1_58250835_58250858	chr1_61346690_61346713	chr1_63173502_63173525	chr1_64133480_64133503	chr1_7890365_7890388	chr20_17068076_17068099	chr20_17664828_17664851	chr20_22250231_22250254	chr20_2708557_2708579	chr20_32466955_32466978	chr20_32787480_32787503	chr20_55927517_55927539	chr20_56579394_56579417	chr20_64040504_64040527	chr21_43810949_43810972	chr21_45324642_45324665	chr22_26422122_26422145	chr2_106630587_106630611	chr2_10879237_10879260	chr2_111576557_111576580	chr2_118498267_118498290	chr2_136115867_136115890	chr2_151203105_151203128	chr2_154332165_154332188	chr2_15796335_15796358	chr2_1587702_1587725	chr2_167879491_167879514	chr2_175126238_175126261	chr2_182163724_182163747	chr2_182231524_182231547	chr2_194697788_194697811	chr2_197552716_197552739	chr2_20210739_20210762	chr2_203870827_203870850	chr2_217789960_217789983	chr2_227595956_227595979	chr2_231959829_231959852	chr2_232370067_232370090	chr2_26816993_26817016	chr2_35841409_35841432	chr2_45275527_45275550	chr2_54794471_54794494	chr2_69498920_69498943	chr2_75646944_75646967	chr2_8028581_8028604	chr2_86261122_86261145	chr3_10473746_10473769	chr3_123156444_123156467	chr3_125790943_125790966	chr3_128400344_128400367	chr3_13016514_13016537	chr3_132022162_132022185	chr3_143084399_143084422	chr3_149279415_149279437	chr3_15513809_15513832	chr3_156855805_156855829	chr3_16349928_16349951	chr3_179037112_179037135	chr3_184177574_184177597	chr3_187162117_187162140	chr3_188683264_188683287	chr3_39224133_39224156	chr3_46373129_46373152	chr3_46844733_46844756	chr3_47857957_47857980	chr3_49421926_49421949	chr3_53172227_53172250	chr3_57958865_57958888	chr3_64023394_64023417	chr3_67021410_67021433	chr4_1116416_1116439	chr4_114252480_114252503	chr4_149501694_149501717	chr4_160312355_160312378	chr4_22171982_22172005	chr4_24764561_24764584	chr4_44895218_44895241	chr4_55873162_55873186	chr4_68477362_68477384	chr4_7246942_7246965	chr4_74235293_74235316	chr4_74547595_74547618	chr4_8889611_8889634	chr5_113119765_113119788	chr5_116358709_116358732	chr5_163043333_163043356	chr5_170084408_170084431	chr5_38724819_38724843	chr5_84199775_84199798	chr6_12464138_12464161	chr6_1267759_1267782	chr6_136411585_136411608	chr6_40880082_40880105	chr6_87226021_87226044	chr6_87357496_87357519	chr7_101283211_101283234	chr7_105447868_105447891	chr7_120462632_120462655	chr7_129650783_129650806	chr7_135859140_135859163	chr7_139945014_139945037	chr7_14797909_14797932	chr7_153061379_153061402	chr7_2001116_2001138	chr7_2909998_2910021	chr7_30859658_30859681	chr7_54635636_54635659	chr7_63015875_63015898	chr7_64558556_64558579	chr7_67047003_67047025	chr7_74457351_74457374	chr7_99697288_99697311	chr8_109647222_109647245	chr8_11854581_11854604	chr8_120688458_120688481	chr8_125747471_125747494	chr8_142043509_142043532	chr8_142525451_142525474	chr8_1944116_1944139	chr8_2039643_2039666	chr8_23551868_23551891	chr8_24860657_24860680	chr8_55878134_55878157	chr8_67778978_67779001	chr8_92188418_92188441	chr8_96032451_96032474	chr9_121888844_121888867	chr9_127481079_127481102	chr9_128081046_128081068	chr9_128352890_128352913	chr9_133561325_133561348	chr9_135268713_135268736	chr9_137262157_137262180	chr9_137711734_137711757	chr9_15160645_15160668	chr9_3475759_3475782	chr9_70642248_70642271	chr9_93093444_93093467	chr9_97261716_97261739	chrX_102083193_102083216	chrX_109930511_109930534	chrX_135307064_135307086	chrX_30562212_30562234	chrX_71110738_71110761	chrX_85020396_85020419	chrY_14455737_14455760
NA06985	0.0	0.0	0.18758665687953674	0.0	0.0	0.7857733664185277	0.0	0.0	0.0	0.030125018828136767	0.0	0.0	0.0	0.0	3.149403587059126	0.0	0.0	0.04661570016781652	0.0	0.0	0.0	0.0	0.0	0.0	0.0	0.10789073610906774	0.0	0.026993467580845434	0.0	0.0	0.0	0.0	0.0	0.0	0.0	0.014365236128568862	0.0	0.0	0.0	20.793068977007664	0.0	0.0	0.0	0.0	0.0	1.1685552407932012	0.0	0.0	0.01092896174863388	0.0	0.0	9.849385652001585	17.518628912071534	0.0	0.0	0.1734026944110978	0.018006986710843807	0.0	0.0	0.0	0.0	0.0	4.252767527675276	0.05589714924538849	0.0	0.005810575246949448	0.4334424966287806	0.0	0.0	0.0	0.0	0.04690871563936579	NA	0.0	14.34628564790614	0.0	0.14869197527995912	0.0	0.0	NA	0.0	0.04640191794594177	0.0	0.03744695015394857	0.0	0.0	0.0	0.0	0.0	0.0	0.0	NA	0.0	0.0	0.05533268778530917	0.0	0.0	0.020853970074552943	0.0	0.0	0.05277601857715854	0.04671441918405481	0.0	0.0	0.0	0.0	0.0	0.0	0.0	0.03432213777886737	0.0	0.13019218846869188	0.0	0.0	0.0	0.0	19.705277587388622	0.03205744694492531	1.4120841819416157	0.0	0.0	0.0	0.009838646202282565	0.0	0.0	0.0	0.0	0.0	0.0	0.0	0.0	0.0	0.0	0.24314910954853125	0.12811752647762215	0.0	0.012182741116751269	0.0	0.0	0.020759809009757112	0.0	2.403257045733033	0.0	0.009677731539727088	0.0	0.07421150278293136	0.0	0.0	0.0	0.0	0.0	0.0	0.0	0.0	0.023373848003205557	0.03958632292542926	0.0	0.0	0.0	40.7576033509379	0.7228915662650602	0.0	0.023896494042945412	0.021510002151000216	0.024632968765395606	0.0	0.0	0.07001575354454753	0.0	0.0	0.0	17.976649894973377	0.37968675842429994	0.0	0.0	0.04488330341113106	0.0	0.0	0.0	0.0	0.0	0.0	0.0	0.0	0.5145067698259188	0.0	0.0	0.0	0.11432926829268292	9.300382043935054	0.0	0.004426933463190048	0.07753082773388466	0.0	0.0	0.0	0.0	0.0	0.0	0.0	21.15964543543818	0.0	0.0	0.0827357970215113	0.0	0.0	NA	1.3825068925560395	0.0	0.028723251472066638	0.0	0.03354128932716174	0.016490311941734233	0.0	0.0	0.0	0.0	0.0	0.28814780287300307	0.0	0.0	0.0	0.0	0.0	0.6554454407215143	0.0	0.0	0.0	0.0	0.0	0.2060926128679075	0.012656091798852515	0.0044060627423334504	44.26157926776624	0.0	0.0	0.0	0.0	0.0	0.0	0.0	0.0	0.0	0.0	0.0	0.0	0.24115382831702453	0.0	0.0	0.0	0.0	0.0	0.0	0.0	0.0	0.0	NA	0.02404906008256844	0.0	0.0	0.0	0.0	0.19225487503433122	0.01982422520319831	0.7942951953966181	0.0	0.0	0.0	0.0	0.3463803255975061	0.0	0.0	0.09034863945578231	0.0	0.0	0.0	0.014874312063067083	0.0	0.4549041451979761	0.0	0.0	0.0	0.044630902436847274	NA
NA06986	0.0	0.0	0.21286300745020528	0.0	0.0	2.112025344304132	0.0	0.0	0.025061260859879704	0.00858405940169106	0.0	0.0	0.029381519024533564	0.0	6.041383476816191	0.0	0.0	0.01277139208173691	0.021726141980337843	0.0	0.0	0.023557126030624265	0.0	0.0	0.0	0.0	0.07803632236095345	0.02158428663932657	0.021293963161443732	0.0	0.0	0.0	0.0	0.0	0.0	0.036076219212226555	0.02222716159146477	0.025144581342720643	0.0	36.03006189213086	0.0	0.0	0.004341219882787063	0.011182763633652663	0.0	2.063589840788476	0.0	0.0	0.08070753606618018	0.0	0.0	19.89091528890404	18.433413736193984	0.0	0.06345797129747144	0.28646455001193605	0.15555002488800398	0.010856584518510477	0.21126508396891894	0.0	0.0	0.0	8.507858289468773	0.0	0.04935346954890929	0.0	0.5779975595658596	0.0	0.0	0.0	0.0	0.039619651347068144	NA	0.0	32.152492668621704	0.0318131206398982	0.34557788301548703	0.0	0.03661159672326209	NA	0.011659088259298123	0.08990784445942908	0.03960253456221198	0.019539518676523267	0.0	0.0	0.004883527860526445	0.11117287381878821	0.0	0.0	0.0	NA	0.0	0.0	0.047514402803349766	0.11148272017837235	0.0037794323292641447	0.07544729467557663	0.0	0.0	0.2032302920098406	0.02838489923360772	0.0	0.0	0.0	0.061932287365813375	0.0	0.0	0.06328970864130558	0.0464939346548882	0.0	0.2957386745530313	0.0	0.06260434056761269	0.0	0.025568908207619537	28.938489488710097	0.022419513944937675	2.3714361843858245	0.0	0.01232134056185313	0.0	0.017742293191394986	0.0	0.0	0.0	0.0	0.0	0.0710132706049443	0.012430467074800337	0.0	0.0	0.0	0.02819601872215643	0.12261341741110526	0.0	0.0	0.0	0.0	0.0	0.0	6.402857051752177	0.0	0.06839945280437756	0.03747774758737	0.1697216564833673	0.0	0.0	0.0	0.0	0.004111503988158869	0.13636363636363638	0.0	0.041288191577208914	0.04694101079643248	0.09958251943774177	0.0430070531567177	0.0	0.01772735330615139	38.24483177948926	1.2767710049423393	0.0	0.0	0.07631645891630628	0.0	0.0	0.0	0.015226880519744187	0.0	0.0	0.0	31.11842815502537	3.896103896103896	0.0	0.0	0.0	0.0	0.0	0.0	0.0	0.0	0.0	0.037455521568137834	0.12141226749550775	1.3958745408307431	0.0	0.0	0.0	0.3980616130148841	21.310012493307156	0.039072675175827035	0.28679051451074394	0.11091652072387624	0.0	0.0	0.0	0.07378712414683637	0.004686474833630144	0.0061330880098129405	0.05632896113301682	22.777550184350677	0.0	0.0	0.15279968454258674	0.0	0.0	NA	4.048682454098276	0.0	0.060593819430418104	0.0	0.0	0.16493820465893944	0.0	0.021343578250893763	0.0	0.0	0.0	0.03990246065174019	0.0	0.0	0.024105824569861694	0.0	0.016927634363097757	2.3513203214695753	0.0	0.0	0.0	0.021346018967462566	0.017075919538267138	0.4551289532034076	0.040429450608687835	0.2374026147724613	54.43265331132678	0.0	0.029331964508322945	0.0	0.013574967759451571	0.0	0.0	0.0	NA	0.0	0.0	0.0	0.0	0.22374856904984908	0.0	0.0	0.030839721561371044	0.0	0.0	0.0	0.0	0.09027816961011115	0.0	0.0	0.0	0.004344331733171145	0.0	0.0	0.0	0.5870611717740989	0.061360986684665886	2.6884440268844405	0.0	0.0	0.010117020200317	0.02274795268425842	0.4758327072376659	0.17048096295913623	0.0	0.014968566011376111	0.0	0.0	0.0	0.0	0.0	0.5992458928090493	0.0	0.0	0.0	0.023483365949119376	0.12667581547556211
NA06991	0.0	0.0	0.0148720999405116	0.0	0.0	1.1494252873563218	0.0	0.0	0.0	0.019959083878049996	0.0	0.0	0.0	0.0	2.1058414209851675	0.0	0.0	0.1703152909899057	0.0	0.0	0.0	0.04917111548187693	0.0	0.0	0.0	0.0	0.0	0.0	0.0	0.030012004801920768	0.0	0.0	0.0	0.0	0.0	0.0	0.0	0.0	0.0	19.543568464730292	0.0	0.0	0.0	0.0	0.05099583534011389	1.7790606140120704	0.0	0.0	0.039797395079594795	0.0	0.0	11.636341283501354	13.913360029122678	0.0	0.0	0.2380285634276113	0.14747843929338592	0.0	0.0	0.0	0.0	0.0	4.454993971597542	0.0	0.011576753878212548	0.0	0.5345033905065816	0.0	0.0	0.0	0.0	0.0	NA	0.0	21.11827187015157	0.0	0.15457491897282474	0.0	0.0	NA	0.0	0.015981589209230967	0.0	0.016233766233766232	0.0	0.0	0.0	0.0	0.0	0.0	0.0	0.0	0.0	0.0	0.0	0.0	0.0	0.06105304288365732	0.0	0.0	0.0	0.0	0.0	0.0	0.0	0.0	0.0	0.0	0.0	0.02761559097364684	0.0	0.0904295403165034	0.0	0.0	0.0	0.0	25.642946317103622	0.0	0.030687397708674305	0.0	0.0	0.0	0.0	0.0	0.0	0.0	0.0	0.0	0.0	0.0	0.0	0.0	0.0	0.040880288887374806	0.10001666944490749	0.0	0.0	0.05181488450734953	0.0	0.0	0.0	2.9904153354632586	0.0	0.0	0.0	0.057625816365731844	0.0	0.0	0.0	0.0	0.0	0.0	0.0	0.0	0.007261636772928619	0.0	0.0	0.10929530550640158	0.0	39.97880714501968	0.8161932745674175	0.0	0.0	0.03503240497460151	0.0	0.0	0.0	0.04760317989241681	0.0	0.0	0.12834616795012835	16.20525657071339	2.127074355918218	0.0	0.0	0.03650967506389193	0.0	0.0	0.0	0.0	0.0	0.0	0.007883326763894364	0.0	0.7316579426819746	0.0	0.0	0.0	0.1307987443320544	10.250805338242062	0.0	0.11806375442739078	0.0	0.0	0.0	0.0	0.0	0.0	0.0	0.0	20.721549389340282	0.0	0.0	0.0	0.08903998704872916	0.0	NA	1.3656331571910614	0.0	0.0	0.0	0.013699568463593397	0.1938847695653313	0.0	0.0	0.0	0.0	0.0	0.07211430116735025	0.0	0.0	0.0	0.0	0.0	0.872716515050662	0.0	0.0	0.0	0.04352557127312296	0.0	0.08485639686684072	0.004278440936122877	0.06127055788455337	39.61466165413533	0.004053670598727147	0.0	0.0	0.0	0.0	0.0	0.0	0.0	0.0	0.0	0.0	0.0	0.0	0.0	0.0	0.0	0.0	0.0	0.0	0.0	0.03704847175054029	0.0	0.0	0.0	0.0	0.0	0.0	0.0	0.10213014298220019	0.0	0.6619203386569175	0.012038040207054292	0.0	0.0	0.0	0.06650848643361754	0.0	0.0	0.005563282336578581	0.0	0.0	0.0	0.0	0.0	0.2654773282361686	0.0	0.0	0.0	0.0	NA
NA06994	NA	0.0	0.7732321102207227	NA	NA	1.2082221873528949	0.0	0.0	0.0	0.03842163906712261	0.0	0.0	0.0	0.016280458023552397	4.804903770102821	0.0	0.04682587464044417	0.043154601359369944	0.0	0.0	0.015328019619865112	0.0	0.023558790962847787	0.0	0.0	0.009097939316744756	0.0	NA	0.0	0.009484966328369534	0.021158263813323662	0.0	0.0	0.0	0.0	0.08940416450366269	0.0	0.0	0.0	45.2755905511811	0.0	0.0	0.051058481599308744	0.04225649693640397	0.0	3.4258353840043214	NA	0.06100080678486392	0.1096825300103589	NA	0.0	19.86465944196538	22.236422933969386	0.0	0.04355189934672151	0.2611903751346763	0.0966702470461869	0.013776002204160353	0.2617964221155644	0.0	NA	0.0	6.350857181199047	NA	0.04485998961137083	0.0	0.589050589050589	0.0	0.0	0.048906930111996864	0.0	0.03977329223426469	NA	0.0	37.84572011860205	0.0	0.11619055250611003	0.0	0.0	0.0	NA	0.08515297123046044	0.0	0.002913668016666181	NA	0.0	0.0	NA	NA	NA	0.0	NA	0.0	0.0	0.03692762186115214	0.12355283027501945	NA	0.08942457231726283	0.0	0.0	0.6540632559806469	NA	0.0	0.0	0.0	NA	NA	0.0	0.0	0.14220377416503324	0.0	0.3428140892823507	0.0	0.0	0.0	0.06583278472679394	33.79554105492115	0.0	NA	0.0	0.0	0.0	0.0	0.0	0.0	0.0	0.0	0.017582932833196577	0.10945524964216552	0.0	0.0	0.0	0.0	0.12375599443098025	0.09547045719741168	0.0	0.0	0.0357733756651612	0.0	0.018227552768765268	0.0	5.12683894266347	NA	0.068667170225915	0.014141604600735363	0.06623528812350334	0.023579962272060363	0.0	NA	0.0	0.038620476576680954	0.0	0.0	NA	0.01887742260256733	0.0438700097863868	0.0	0.0	0.0	45.988629185091604	1.5445184736523319	0.0	0.0	0.0	0.013823133013097419	0.0	0.0	0.013446884805020171	0.02591680704937152	0.0	NA	NA	6.527642011512979	0.0	0.0	0.0	0.0	0.0	0.0	0.0	0.019925776482602308	0.0	0.0	0.07640792844622231	1.2060092530020274	NA	0.0	0.0	0.22501022773762444	17.731127630614594	0.0	0.11444266422522317	0.0	0.0	0.0	NA	0.19437340153452687	0.02732667083073079	NA	0.036398049064570136	25.303670745272527	0.03471017007983339	0.0	0.22247930942422356	0.0	0.0	NA	2.917426650209973	0.0	0.0	0.0	0.005690547999772378	0.10375640536992335	0.0	0.008928571428571428	0.0	0.0	0.0	0.0	NA	0.0	0.010798844523635972	0.022344704305079698	0.0	1.5712907892621766	0.0	0.0	0.0	0.07031359864997891	NA	0.27814923776410805	0.09735202492211838	0.1238633273919217	56.5877310097674	0.0	0.0069769064396846435	0.01764679931177483	0.02875711738655317	0.024311971214626082	NA	0.0	NA	0.0	0.0	0.02100252030243629	0.0	0.10205975134533309	NA	0.0	0.011523835132332039	0.0	0.0	0.0	NA	0.021309466730595066	0.0	0.15337423312883436	0.0	0.0	0.0	0.0	0.0	0.1352569882777277	0.0	NA	0.0	0.0	0.10252586447944821	0.0	NA	0.014762326542663124	0.0	0.021675987341223394	0.0	0.013005254122665559	0.0	0.00841998905401423	0.0	0.7705912076806468	0.0	0.0	0.0	NA	0.08478568064060292
NA10859	0.051305072789072016	0.0	NA	0.0	0.0	1.0993618111520007	0.06173686376732062	0.0	0.0	0.055116663604629794	0.0	0.0	NA	NA	6.089104965330358	0.0	0.027058107285395386	NA	0.09638089730615393	0.0	0.11668611435239205	0.0	0.0	0.0	0.0	0.08499575021248938	0.0	0.07403189066059225	0.0	0.05821718434300195	0.030468194590202783	0.0	0.0	0.08684576192681798	0.0	0.0	0.0	0.0	0.0	25.42620555284949	0.0	0.0	0.027606878056475784	0.0	0.29904457791631817	1.8087401535296774	0.0	NA	0.0326530612244898	0.026346989856408903	0.0	NA	0.0	0.0	0.0	0.12957450534057083	NA	0.0	NA	0.0	0.0	0.0	4.2948345908299475	0.0	0.0	0.0	0.5721096543504172	0.0	0.0	0.0	0.0	0.06405238061347947	NA	0.0	22.33808116097823	0.02628874602681452	0.0800996796012816	0.0	0.0	NA	0.06513862313235354	0.0	0.025867484571893133	0.03574678278954894	0.0	NA	0.0	0.15527950310559005	0.0	0.0	0.0	0.0	0.0	0.035855145213338116	0.0	0.05812653699977644	0.08225375282747274	0.024571671097013425	0.0	0.0	0.23240122947747205	0.0	0.0	0.0	NA	0.0	0.0	0.0	0.009614460148062687	0.03397604688694471	0.0	0.1295088257866462	NA	NA	0.0	0.0	27.036175163951764	0.041565227718068996	1.2320328542094456	0.0	NA	0.0	0.03674781809830042	0.0	0.0	0.006081245439065921	0.0	0.0	0.0554298120005543	0.0	0.0	NA	0.0	0.10766194150367844	0.010085728693898134	0.0	0.0	0.0903954802259887	0.0	0.0	0.0	3.10451654981249	0.0	0.03369776845888872	0.03493188282848446	0.11624688624411847	NA	0.0	0.0	0.055933625431155036	0.0	0.12068185246643535	0.0	0.0	0.0	0.0	0.0	0.010140959334753067	0.021565667457407806	41.37765702413297	2.00302343159486	0.0	0.0	0.21929824561403508	0.030441400304414005	0.0	0.0	0.0	0.0	0.0	0.0	25.346839903105046	1.381605486083098	0.0	0.0	0.17035775127768313	0.0	0.0	0.0	0.0	0.01107818428559559	0.0	0.0	0.0	0.8025543665861236	0.032741559953434224	0.0	0.0	0.08413259296651522	15.490398012964196	0.03893575600259572	0.037794680398733876	NA	NA	0.0	0.0	0.058606831882116545	0.0	0.0	NA	24.478051391862955	NA	NA	0.10252404432944393	0.0	0.05868544600938967	NA	1.6909824862528209	0.0	0.0	0.0	0.0	0.24326757000024327	0.0	0.0	0.0	NA	0.0	0.059710998765972696	0.0	0.0	0.01795654516071108	0.0	0.0	1.1762853672799243	0.0	0.033210332103321034	NA	0.012367054167697254	0.0	0.393939393939394	0.044221105527638194	0.009956523182104809	42.28211582239456	0.0	0.022775584573337383	NA	0.02326122354035822	NA	0.0	0.0	0.0	0.0	0.0	0.0	0.0	NA	0.0	0.0	NA	0.0	0.0	NA	0.0	0.011277135607555682	0.0	NA	0.041736227045075125	0.0	NA	0.0	0.0	0.24399640426351613	0.0	1.9344477699102125	0.0	0.0	0.020962163295252068	0.10967317394165388	0.6417706806811865	NA	0.0	0.014701558365186709	NA	0.0	0.0	0.008943743851176102	NA	0.6047411707789065	0.0	NA	NA	0.0	NA
NA11829	0.0	0.0	0.09505703422053231	0.0	0.0	0.821568534869446	0.022682594888855285	0.0	0.0	0.0242883513067133	0.0	0.0	0.0	0.012098115718476847	6.226847768565884	0.0	0.0	0.019758160120129615	0.0	0.0	0.0	0.0	0.0	0.07236937328122739	0.0	0.05364545232870031	0.051285338803769474	0.21144920061887568	0.05988656779511749	0.0	0.027970072022935458	0.0	0.0	0.0	0.0	0.018675531318866023	0.05116517047304526	0.0	0.0	21.94609730486524	0.02208187960959237	0.0	0.0	0.023319989117338413	0.0	2.5740675314187658	0.0	0.0	0.022587810111809662	0.0	0.0	13.099813330405183	19.583554981381564	0.0	0.053101104502973666	0.17791656076395193	0.5620753551575046	0.05622859479629914	0.06968178650827886	0.0	0.0	0.0	7.020797979399345	0.0	0.040078018542763244	0.0	0.27638448152318557	0.0	0.0	0.004929265046581554	0.0	0.01546551190844417	NA	0.0	18.28073373590065	0.043333485380650454	0.22373494549435902	0.0	0.015732546705998034	NA	0.0	0.022333535398653605	0.0	0.0319693094629156	0.0	0.0	0.03847210772190162	0.0	0.0	0.0	0.0	0.03473428273706148	0.0	0.0	0.018136751103319027	0.21808794730283068	0.014709667929246498	0.018439977872026555	0.0	0.0	0.18311664530305805	0.0	0.0	0.0	0.0	0.029772981019724597	0.0	0.017641351327511687	0.02285598191837875	0.017538475029596174	0.0	0.17042307528439352	0.0	0.036231884057971016	0.0	0.054779512462339086	26.450922706606043	0.0	1.9786545149298476	0.0	0.0	0.0	0.09105722227547206	0.0	0.016406890894175553	0.0	0.0	0.0	0.009567089213106911	0.01941936110301971	0.0	0.0	0.0	0.2236460348162476	0.1264692754054456	0.0	0.0	0.0	0.0	0.0	0.0	2.3621291169221905	0.0	0.12633996937212863	0.010575296108291032	0.0	0.029631385563588953	0.0	0.0	0.0	0.0	0.0	0.0	0.0	0.03327012010513358	0.0	0.0	0.01015744032503809	0.0	38.93695920889987	1.4536849222447599	0.0	0.0	0.0	0.0	0.0	0.0	0.02782415136338342	0.0	0.0	0.0	28.8847339430997	1.8068990691732068	0.0	0.0	0.20728073584661225	0.0	0.0295630580027198	0.0	0.0	0.02206957433308505	0.0213903743315508	0.038907982621101095	0.09476427386875148	0.9519336151557851	0.0	0.0	0.0	0.1565665868484067	18.68922598210813	0.0	0.07284736049730464	0.04126871831151987	0.0	0.0	0.0	0.01679402132840709	0.012270942408376962	0.0	0.018750468761719045	25.1669959544642	0.0	0.0	0.1282051282051282	0.0	0.0	NA	2.8198298004472475	0.0	0.0	0.0	0.12423172485942201	0.23046580685192575	0.01412329637737448	0.0	0.01933155769395996	0.0	0.0	0.1022662194224004	0.0	0.0	0.0	0.0	0.0	1.2084522603811803	0.0	0.047103155911446065	0.0	0.010341974627688913	0.0	0.25826104231507846	0.05060925760112119	0.07829787234042554	53.565608337989964	0.0	0.0	0.025498495588760262	0.0	0.0	0.0	0.0	0.0	0.0	0.0	0.0	0.0	0.05021913805697589	0.0	0.0	0.0249947927515101	0.0	0.020538098172109262	0.0	0.0	0.0	0.0	0.18573551263001484	0.0	0.0	0.0	0.0	0.0	0.0	0.03987505815112647	3.015075376884422	0.0	0.0	0.13642121674732843	0.0	0.7937160717223227	0.05762304921968788	0.0	0.015767896562598548	0.0	0.0	0.0	0.00444642063139173	0.0	1.1412163157119717	0.0	0.0	0.0	0.0	0.0
NA11917	0.0	0.0	0.07240081088908196	0.0	NA	0.8199423156159868	0.0	0.0	0.0	0.0	0.0	0.0	0.0	0.0	2.7764247442766683	0.0	0.0	0.11568027464736175	0.0	0.0	0.0	0.0	0.0	0.0	0.0	0.08181297553792032	0.0	0.013558096443259365	0.0	0.03664345914254306	0.0	0.0	0.0	0.0	0.0	0.03782408362561034	0.0	0.0	0.0	26.40963855421687	0.0	0.0	0.0	0.0	0.0	1.9011406844106464	0.0	0.0	0.02842726174401251	0.0	0.0	8.735029199247748	0.007145409074669524	0.0	0.0	0.0945072392545269	0.2634245187436677	0.0	0.0	0.0	0.0	0.0	3.813270049738305	0.011102475852115021	0.0	0.0	0.5671213208901651	0.0	0.0	0.021496130696474634	0.0	0.0066449597979932225	NA	0.0	12.008565780803867	0.04087515866015533	0.12393345726679061	0.0	0.02734668763246052	0.0	0.0	0.06348054774644056	0.0	0.0	0.0	0.0	0.0	0.034376074252320386	0.018170255292086854	0.0	0.0	0.0	0.0	0.0	0.1739448869358235	0.056290458767238954	0.0	0.04898982971135192	0.0	0.021419697553870538	0.15687812530640258	0.0	0.0	0.0	0.0	0.0	0.0	0.0	0.0	0.0	0.0	0.30257890326785214	0.0	0.0	0.0	0.0	26.967418546365913	0.0	1.4818244964112062	0.027999440011199778	0.0	0.20458265139116205	0.02450740123517302	0.0	0.0	0.0	0.0	0.0	0.0	0.0	0.016435204207412277	0.0	0.0	0.052046060763775936	0.0	0.0	0.0	0.0	0.0	0.0	0.0	1.6506890353505093	0.0	0.07554500323764299	0.0	0.0	0.0	0.032829940906106365	0.0	0.025381999086248035	0.0037529085040906704	0.0	0.0	0.0	0.0032710738935592554	0.0	0.0430444140090002	0.0	0.0	36.39667705088266	1.2961762799740766	0.0	0.0	0.0	0.0	0.0	0.0	0.0	0.01510631066127875	0.0	0.0	23.739676531314522	2.866211407136674	0.0	0.0	0.0	0.0	0.0	0.0	0.0	0.0	0.0	0.0	0.0	0.7128148265483922	0.0	0.0	0.03386157388595422	0.09119927040583675	10.78892987928521	0.0	0.11914217633042098	0.01333440008534016	0.0	0.0	0.0	0.23837902264600713	0.0	0.012055455093429777	0.0	22.05320372500278	0.0	0.0	0.029002320185614848	0.0	0.0	NA	4.761042722664736	0.0	0.0	0.0	0.0	0.14621198488393017	0.0	0.0	0.0	0.0	0.0	0.11192511192511193	0.0	0.0	0.0	0.0	0.0	1.3018867924528301	0.0	0.013215276860050218	0.0	0.02880018432117966	0.0030307622367025306	0.1943208174011158	0.014774322227967792	0.0727118490017269	42.4020243965741	0.0	0.0	0.004755337866755433	0.0	0.0	0.0	0.0	0.0	0.0	0.0	0.0	0.0	0.029934144881261223	0.0	0.0	0.0	0.0	0.05951987302427088	0.08686905632772494	0.0	0.04930966469428008	0.0	NA	0.0	0.0	0.0	0.0	0.0	0.38092736109286746	0.0	1.2276785714285714	0.0	0.0	0.02507679769293461	0.0	0.27224027399666284	0.023987718288236422	0.0	0.0	0.0	0.0	0.0	0.0	0.02979027645376549	0.41266321754126634	0.0	0.0	0.0	0.0	0.0
NA11918	0.02162045294848927	0.0	0.10282776349614395	0.0	0.0	1.1750881316098707	0.0	0.0	0.048905734197334634	0.0	0.0	0.0	0.0	0.0	4.001047737541746	0.0	0.0	0.05085674047414131	0.009749439407234084	0.0	0.07615179591318695	0.0	0.0	0.0	0.0	0.01617992071838848	0.0	0.0	0.009098905098419824	0.028303666897289137	0.0	0.0	0.03386960203217612	0.026203734032099572	0.0	0.025837567823615536	0.0	0.0030971258671952428	0.0	28.06273844849512	0.04942777841146725	0.0	0.020087716361444977	0.0033944331296673455	0.10030329806796742	2.618643507395243	0.0	0.0	0.0	0.0	0.0	12.769245452542396	0.0	0.0	0.07392439998028683	0.10222335803731153	0.26914680462932505	0.0	0.0	0.0	0.0	0.0	4.684019601603768	0.0	0.0	0.0	0.5291005291005291	0.0	0.0	0.024670038238559268	0.0	0.013066771200836273	NA	0.0	19.33252877831415	0.01875078128255344	0.21066887367391468	0.0	0.10767627648489057	0.0	0.0033796343235661906	0.0	0.013857613026156245	0.020706996006507914	0.0	0.0	0.0	0.0	0.0	0.0	0.025272734931131798	0.0	0.0	0.0	0.12463647694225177	0.14151151992216868	0.0	0.042203806015960715	0.0	0.0	0.28331119964586104	0.0	0.0	0.0	0.0	0.0	0.0	0.0	0.03470776065528252	0.048107167968027234	0.0	0.0962640385056154	0.0	0.0	0.0	0.0	32.7267744156928	0.045814244064972934	1.644144144144144	0.0	0.0	0.0	0.0	0.012900895322135356	0.0	0.0	0.0	0.0	0.03208470361755033	0.0	0.0	0.0	0.0	0.07271971743195513	0.09566326530612244	0.0	0.0	0.016995602387882135	0.0	0.017551249648975007	0.0	3.1733210246942076	0.0	0.0831889081455806	0.02498126405196103	0.0	0.0411546828149803	0.03640776699029126	0.0	0.0	0.0	0.0	0.0	0.0	0.0	0.0	0.015514700178419051	0.0	0.003911750899702707	40.782828282828284	0.6436955698599016	0.0	0.0	0.046992481203007516	0.009759588795992062	0.0	0.0	0.02696767731247833	0.0	0.0	0.0	26.117140471901223	1.8078370193631275	0.01006036217303823	0.0	0.0	0.0	0.0	0.0	0.0	0.0	0.0	0.0	0.008619203585588693	0.658339382712959	0.0620622395602447	0.0	0.0	0.10488946264321446	14.947413916988678	0.0	0.09754738015607581	0.02826215979425148	0.0	0.0	0.0	0.0881542699724518	0.0	0.005368551028077522	0.0	25.36017591750076	0.0	NA	0.05935802018172687	0.01433794537242813	0.0	NA	1.5460992907801419	0.0	0.0	0.0	0.11562516424029011	0.20831597366886093	0.0	0.03886362753099374	0.0	0.0	0.0	0.0557452442338513	0.0	0.0	0.025926886180969663	0.0	0.0	1.8551382583574083	0.0	0.01824207229941321	0.0	0.02143967411695342	0.0	0.21824763121473437	0.11295845246920118	0.11932462263588091	45.14667817083693	0.0	0.0	0.0	0.0	0.0	0.0	0.0	NA	0.0	0.0	0.0	0.0	0.009775648858692995	0.0	0.0	0.0	0.0	0.057197330791229746	0.0	0.0	0.0899325505870597	0.0	0.1801506714706846	0.0	0.0	0.0	0.0	0.0	0.17629368453800684	0.0	1.568567026194145	0.0	0.0	0.008838867446451194	0.0	0.5397608301149318	0.0	0.0	0.0	0.0	0.0	0.0	0.0	0.0	0.46410130317187115	0.0	0.0	0.0	0.007213966238638003	NA
NA11992	0.033277870216306155	0.0	0.23704943177856796	0.0	0.0	0.4295109838485973	0.03156565656565657	0.0	0.03127606338615513	0.0	0.0	0.0	0.0	0.0	2.151889890309509	0.0	0.0	0.0	0.0	0.0	0.0	0.0	0.0	0.0	0.0	0.0	0.0	0.004468674591116275	0.0	0.0	0.0	0.0	0.0	0.0	0.0	0.03728667718342177	0.0	0.0	0.0	22.009735744089014	0.04994813078725938	0.0	0.016735841478109522	0.0	0.0	2.2758389088372812	0.0	0.0	0.0	0.0	0.0	12.465116279069766	0.011366219595362582	0.0	0.0	0.1613844727534938	0.08631010385054431	0.0	0.07136369534189697	0.0	0.0	0.0	3.26728867456407	0.0	0.0	0.0	0.5814867201005814	0.0	0.0	0.0	0.0	0.18773023519410598	NA	0.0	9.962698899853628	0.03311179962630969	0.033049657109807486	0.0	0.03123156470139154	NA	0.0032054364201686055	0.012113503528057902	0.01384035154492924	0.03158260430155071	0.0	0.0	0.0	0.0	0.0	0.0	0.0	0.0	0.0	0.04305396096440872	0.0	0.004454541404962359	0.0	0.061218889193810556	0.0	0.0	0.20762551906379767	0.0	0.0	0.0	0.0	0.06367804381049415	0.0	0.0	0.0	0.031507226970186285	0.0	0.4235176880916791	0.0	0.0	0.0	0.02786291446085261	26.97313182199832	0.03716953956232867	0.6595218466611706	0.021263023601956196	0.024033406434944574	0.0	0.0	0.0	0.1076426264800861	0.0	0.0	0.0	0.013578961662064909	0.0	0.0	0.0	0.0	0.21455685756725532	0.0	0.01699524133242692	0.0	0.0	0.0	0.0	0.0	2.4030175917796637	0.0	0.07272448901477455	0.0	0.05758257865256766	0.0	0.0	0.0	0.004335949356111521	0.0	0.0	0.0	0.0	0.0	0.01599488163787588	0.11136743298066981	0.0	0.0	33.07243963363863	0.8414239482200648	0.0	0.005088152237514946	0.03374957813027337	0.01111934766493699	0.0	0.0	0.0	0.0	0.0	0.008114577839087922	16.371543957750852	1.349477770588779	0.012536041118214866	0.0	0.0	0.0	0.0	0.0	0.0	0.0	0.0	0.0	0.0045858937906998075	0.5624017864527334	0.0	0.0	0.0	0.008478887569950824	10.60910471896898	0.0	0.07193505292364608	0.0	0.0	0.0	0.0	0.0	0.0	0.01249453364153183	0.0	20.452882504717525	0.0	0.0	0.07795661943412666	0.0	0.0	NA	1.053767536342284	0.0	0.0	0.0	0.08044127786715698	0.13518733101583622	0.0	0.03303464508403188	0.0	0.0	0.0	0.03404319703445928	0.0	0.0	0.0	0.0	0.006457862447529868	0.9501242293181191	0.0	0.006297229219143576	0.0	0.0	0.0	0.16368340461481598	0.02202319776831596	0.12498355479542167	42.920818038804406	0.0	0.013918853086505673	0.0	0.0	0.0	0.0	0.01461646398503274	0.0	0.0	0.0	0.0	0.0	0.025247424762674206	0.0	0.0	0.0	0.0	0.0	0.0	0.0	0.0	0.0	0.04492362982929021	0.0	0.0	0.0	0.0	0.0	0.056085249579360626	0.0	0.9559684720331739	0.036147689129873484	0.0	0.02217927188618865	0.0	0.3127443315089914	0.08342138924420221	0.0	0.07042563493111492	0.0	0.0	0.0	0.004202740186601665	0.0	0.335340815767862	0.0	0.0	0.0	0.0	0.01483459427384661
NA12045	0.0	0.0	0.0	0.0	0.0	2.4058440138226675	0.0	0.0	0.04032258064516129	0.0	0.0	0.0	0.0	0.019552526465741182	4.410003522367031	0.0	0.0	0.0979254315972726	0.0	0.0	0.08595284872298625	0.0	0.0	0.17344686218858404	0.0	0.07462031428320604	0.0	0.06594752461255829	0.0	0.0	0.0	0.0	0.0	0.0	0.0	0.05988590159800801	0.0	0.0	0.0	31.97452229299363	0.0	0.012615908660821296	0.011013215859030838	0.011380016690691146	0.0	1.9046840513365488	0.0	0.0	0.05038291011688835	0.010762524888338804	0.0	18.686046511627907	20.008016567572984	0.0	0.0	0.4183948191806738	0.8489226399950608	0.008821453775582216	0.0866134154556828	0.0	0.02303484019579614	0.0	7.856812671540216	0.03764351590438547	0.023290719942031985	0.08037293039704227	0.46904315196998125	0.0	0.0	0.0	0.08949880668257756	0.10160020320040639	NA	0.0	21.230199547418227	0.016459357144536668	0.2123953952678306	0.0	0.05030570389288754	NA	0.019567556990509733	0.02770935960591133	0.04076187652857037	0.03375071720274056	0.0	0.0	0.0	0.0	0.003295110056675893	0.0	0.0	NA	0.0	0.0	0.0	0.16191247202247727	0.0035832019492618604	0.024313690818266214	0.0	0.06089074460681977	0.1163623344074472	0.0	0.0	0.0	0.0	0.0	0.0	0.10607521697203473	0.0	0.09761480349715644	0.0	0.1939655172413793	0.0	0.11284558961820576	0.0	0.0	25.30909090909091	0.04569130951293064	0.978161965423112	0.0	0.018044027426921686	0.14513788098693758	0.0	0.012002280433282324	0.0	0.0	0.0	0.0	0.07481180156169635	0.0	0.0	0.0	0.0	0.06074327682367883	0.015463120457708365	0.0	0.0	0.08546364024834728	0.0	0.023946360153256702	0.0	6.057078233102714	0.0	0.13975976429704615	0.0	0.08333796322017889	0.0	0.0	0.0	0.0	0.030354277785004984	0.0	0.0	0.0	0.01747091093329606	0.03033290361719876	0.017144571600017144	0.04220522289633342	0.0	46.542096219931274	1.6619519094766622	0.0	0.02018519920268463	0.14375561545372867	0.0260785336413084	0.0	0.0	0.004209640075773522	0.0	0.04824259131633356	0.0	28.455171776020716	3.558314390627732	0.03155569580309246	0.0	0.0	0.0	0.0	0.0	0.0	0.0	0.0	0.0	0.03219575016097875	1.227063568709879	0.0	0.0	0.0	0.10605391073795847	14.122030875862453	0.01124985937675779	0.06257495958700526	0.022473172650148882	0.0	0.0	0.0	0.08852168781351431	0.007709208649732105	0.0	0.0	23.570421116260327	0.0	0.0	0.04362155874369911	0.0	0.0	NA	7.784386610902875	0.0	0.0	0.03413551800648575	0.0	0.08522584849852108	0.0	0.0	0.0	0.0	0.0	0.04038623930682528	0.0	0.0	0.008788890841975741	0.0	0.0	1.3933649289099526	0.0	0.0	0.0	0.0	0.0	0.4207735316156551	0.028074115665356544	0.060862214708368556	57.760849236176085	0.0	0.0	0.009413536665725314	0.0	0.0	0.0	0.0	NA	0.0	0.019627727436291667	0.05828476269775188	0.003455066855543655	0.03253544039042529	0.0	0.0	0.0	0.0	0.0	0.03467857297672201	0.031674638117259506	0.02153316106804479	0.0	0.4375667022411953	0.0	0.012383287515169527	0.0	0.0	0.0	0.1351503547696813	0.030142271521581866	1.9388679009647507	0.0	0.0	0.06088182517303255	0.0	0.3058222359863735	0.0	0.0	0.004602144599383313	0.0	0.0	0.0	0.0	0.0	0.8010862186014935	0.0	0.0	0.0	0.1161271592393671	0.08806262230919766
NA12154	0.0	0.0	0.3280262420993679	0.0	0.0	1.0037911425124935	0.0	0.0	0.0	0.0	0.0	0.0	0.0	0.0026631867692881303	2.777385159010601	0.0	0.0	0.0	0.0	0.0	0.0	0.0	0.0	0.0	0.0	0.020817720043300857	0.0	0.043855374719812885	0.0	0.021095774817672233	0.0	0.0	0.0	0.0	0.0	0.07501659020744972	0.0	0.022606168254480866	0.0	15.994578109115555	0.0	0.0	0.09632840576488459	0.0	0.0	0.8013257059838373	0.0	0.009073792618469705	0.04448002846721822	0.0	0.0	10.133157049768627	18.975941554351934	0.0	0.0	0.049079754601226995	0.24082683881325884	0.0	0.062354938164686326	0.0	0.0	0.0	3.1982026613335344	0.01752131760308375	0.0	0.0	0.28954587016153616	0.0	0.0	0.0	0.014217672567000782	0.02054653790836244	NA	0.0	25.454545454545453	0.04605803312173338	0.14195056780227122	0.0	0.07523039307880384	0.0	0.038662284941040015	0.0	0.0	0.02205002205002205	0.0	0.0	0.013537295248409369	0.0	0.0	0.0	0.0	0.0	0.0	0.0	0.0	0.035313851858391455	0.0	0.025104279314073847	0.0	0.0	0.17257131255710081	0.0	0.0	0.0	0.0	0.0	0.0	0.0	0.0	0.07168458781362007	0.0	0.04615207107418945	0.0	0.04109307581672488	0.0	0.0	10.039827414537006	0.0	1.2488646684831972	0.0	0.0	0.0	0.0	0.0	0.0	0.0	0.0	0.0	0.040474905558553695	0.0	0.0	0.0	0.0	0.29617093293843877	0.0	0.0	0.0	0.0	0.0	0.0	0.0	0.9821400644333927	0.0	0.04624990364603407	0.0	0.08036001285760207	0.01989371074544576	0.0	0.0	0.0	0.0	0.0	0.0	0.0	0.009252976374066992	0.0	0.0	0.004858850395996307	0.0	36.92356285533796	0.36065573770491804	0.0	0.0	0.00911743253099927	0.029101491451436888	0.0	0.0	0.0	0.0	0.0	0.023943493355680592	23.982712620552878	2.5172587977774037	0.0	0.0	0.06464959917248513	0.0	0.0	0.0	0.014947044755722583	0.0	0.0	0.0	0.0359179275355812	0.8344764517604023	0.0	0.0	0.0	0.02358490566037736	13.101782192765983	0.0	0.03897453663606444	0.02099572212161772	0.0	0.0	0.0	0.043557801202195316	0.022227985033156747	0.0	0.0	24.29271001682517	0.0	NA	0.05098139179199593	0.0	0.0	NA	1.6388215788802447	0.007284912945290304	0.0	0.055858987090367435	0.06537890044576523	0.053156428738491635	0.0	0.0	0.0	0.0	0.08404067568703252	0.2419019541142231	0.0	0.0	0.0	0.0	0.0	0.13497098123903362	0.0	0.0	0.0	0.029603315571343988	0.0	0.45116772823779194	0.022028049049122547	0.06945540647198106	33.726709889236425	0.0	0.0	0.0	0.0	0.0	0.0	0.0	0.0	0.0	0.0	0.0	0.0	0.12143961139324355	0.0	0.0	0.0	0.0	0.0	0.06482281763180639	0.0	0.0	0.0	0.1080443964247127	0.0	0.0	0.0	0.0	0.0	0.30371203599550056	0.035496657398095016	1.5308391030934383	0.0	0.0	0.1168975393067976	0.0	0.43726529142445597	0.011335298118340512	0.0	0.012916002927627328	0.0	0.0	0.012990387113535985	0.0	0.0	0.2075092406458725	0.21358393848782573	0.0	0.0	0.0	0.058570870753611864
NA12156	0.0	0.0	0.09073925807312516	0.0	0.0	0.581467790837729	0.0	0.0	0.009596621989059851	0.00808244089715094	0.0	0.0	0.0	0.014732747952148035	2.1663222404332645	0.0	NA	0.0	0.045093795093795096	NA	0.0	0.0	0.0	0.0	0.0	NA	NA	0.0	0.0	0.0	0.0	0.0	0.0	0.004850601474582848	0.0	0.05927682276229994	0.0	NA	0.0	24.630945872061236	NA	0.0	NA	0.0	0.0	1.4502638366375045	0.0	0.0	0.0064139567699313706	0.0	0.0	11.104179663131628	0.006395088571976722	0.0	0.0192743217848022	0.15147024926734498	0.0174692831770803	NA	0.02713786033047883	0.0	0.0	NA	2.794561933534743	0.0	0.017549577556597386	0.0	0.11267605633802817	0.0	NA	NA	0.0	0.025974869313938765	NA	0.0	12.787404598473575	0.004743945539505206	0.15381234893430015	0.0	NA	NA	0.0	0.04692632566870014	0.005894836123555765	0.009101941747572815	0.0	0.0	0.0	0.0	0.0	0.0	0.0	NA	0.0	0.0	0.0	0.04231550440081246	0.0	0.0	0.0	0.0	0.11247328759419638	0.04205214465937763	0.0	0.0	0.0	0.0	0.0	0.00668985817500669	0.01177218468203329	0.040248810830589093	NA	0.21013921723141582	0.0	0.0	0.0	0.0	25.012252899852967	0.00940822278671559	1.5151515151515151	0.0	0.005810575246949448	0.0	0.0	0.0	0.0	NA	0.0	0.0	0.0	0.0	0.0	0.0	0.0	0.1171025483745051	0.08923790826343031	0.0	0.03297156202775106	0.0	0.0	0.007395355716609969	0.0	2.3979653436136457	0.0	0.003498460677301987	0.0	0.015197568389057751	0.0	0.0	0.0	0.0	0.0	0.0	0.0	0.0	0.02421234224145758	0.02483150053210358	0.0	0.028490028490028487	0.0	29.111229377328367	0.39381153305203936	NA	0.0	0.0	0.0	NA	0.0	NA	NA	NA	0.0	14.184397163120568	2.5612718039302274	0.0	0.0	0.14758332308449146	0.0	0.0	0.0	0.0	0.0	0.0	0.0	0.0	0.8217010743358767	0.0	0.0	0.0	0.021769102387344894	8.041248478876401	0.0	0.13085579691180318	0.00558768474282681	0.0	0.0	0.0	0.0	NA	0.02367844669389688	0.041141844420532946	NA	0.0	0.0	0.013986013986013986	0.0	0.0	NA	1.608838354237487	NA	0.0	NA	0.021872265966754158	0.14562046452928185	0.0	NA	0.0	0.0	0.0	NA	0.0	0.0	0.013699380787988383	0.0	NA	0.5038957579524518	0.0	NA	0.0	0.0	0.0	0.04487575026644977	NA	0.08577642986245138	36.22686738708624	0.0	0.0	0.0	0.0	0.0	0.0	0.0	0.0	0.0	0.0	0.0	0.0	0.0	0.0	0.0	0.0	0.0	0.0	0.0	0.0	0.0	0.0	0.0	0.0	0.02346426392604064	0.0	NA	0.0	0.3151133195976245	0.0	0.28098195800059156	0.0	NA	0.04067024564828371	0.0	0.1154156888393029	0.0	0.0	0.023314370978271007	0.0	0.0	0.0	0.0	0.0	0.4833701462914946	0.0	0.0	0.0	0.006986655488017886	NA
NA12234	0.0	0.0	0.016119932296284355	0.0	0.0	0.754396482813749	0.0	0.0	0.0	0.0	0.0	0.0	0.0	0.0	1.8299682625430482	0.0	0.0	0.03006872852233677	0.0	0.0	0.0	0.0	0.0	0.0	0.0	0.0	0.0	0.0	0.0	0.0	0.0	0.0	0.0	0.0	0.0	0.0	0.0564652738565782	0.0	0.0	20.47244094488189	0.03990422984836393	0.0	0.0	0.0	0.0	1.1132940406024885	0.0	0.0	0.009359790340696368	0.0	0.0	10.680758103560253	13.783009087028114	0.0	0.0	0.08317045785337049	0.02826011869249851	0.0	0.0	0.0	0.0	0.0	2.3976421857575274	0.0	0.0	0.0	0.2638715824965184	0.0	0.0	0.0	0.0	0.03160306549735324	NA	0.0	17.217554443038246	0.0	0.11573117301810365	0.0	0.0	NA	0.0	0.003395470442429799	0.0	0.00743383883437407	0.0	0.0	0.0	0.0	0.017317216776919612	0.0	0.0	0.0	0.0	0.0	0.0	0.06158448071086086	0.0	0.0	0.03922337713277113	0.0	0.0	0.0	0.0	0.0	0.0	0.0	0.0	0.0	0.0	0.04450378282153983	0.0	0.02776543758329631	0.0	0.0	0.0	0.0	21.983825713814163	0.06856023506366307	0.47015244336800116	0.0	0.0	0.0	0.0	0.0	0.0	0.0	0.0	0.0	0.0	0.0	0.0	0.0	0.0	0.11035207566999475	0.0	0.0	0.0	0.0	0.0	0.0	0.0	1.3559827149456118	0.0	0.0	0.0	0.0	0.0	0.0	0.0	0.0	0.024983760555638834	0.09118887495725522	0.0	0.0	0.0	0.03573502479117345	0.009644131545954287	0.03531964276704173	0.0050357538523516975	33.13059638452442	0.7572383073496659	0.0	0.0	0.0	0.0	0.0	0.0	0.0	0.0	0.013246787653993907	0.0	16.63165766188137	1.7586240216446034	0.0	0.0	0.0	0.0	0.0	0.0	0.0	0.0	0.0	0.0	0.0366905155017428	0.4501484532132938	0.0	0.0	0.0	0.0	6.501671573274787	0.0	0.0	0.040035724184657076	0.0	0.0	0.0	0.0	0.015962965919067762	0.0	0.08970072576041752	17.71675166732052	0.0	0.0	0.060187971665354875	0.0	0.0	NA	1.1903943216346276	0.0	0.0	0.0	0.0	0.12092520647335786	0.0	0.0	0.0	0.0	0.0	0.1571178018123356	0.0	0.0	0.016555743187311678	0.0	0.0	0.581811465379909	0.0	0.0	0.0	0.010699001426533523	0.0	0.10902153175252113	0.05058759436532026	0.03405865657521287	36.34454871734741	0.0	0.020138282875746795	0.0	0.0	0.0	0.0	0.0	0.0	0.0	0.0	0.0	0.0	0.026410310585252485	0.0	0.0	0.03875468285751195	0.0	0.0	0.0	0.0	0.0	0.0	0.11445783132530121	0.0	0.0	0.0	0.0	0.0	0.05839075090505664	0.0	0.9569546947279212	0.0	0.0	0.01796816041973623	0.0	0.47265051395007346	0.0	0.0	0.0	0.0	0.0	0.0	0.0045444217223358325	0.0	0.14746323382886292	0.0	0.0	0.0	0.015635994058322257	NA
NA12248	0.022861061896325086	0.0	0.37474776592678005	0.0	0.0	1.3935681470137824	0.0	0.0	0.06808014005057382	0.0	0.0	0.02805836139169473	0.0	0.0	3.830560603942402	0.0	0.0	0.0	0.01306933281056002	0.0	0.03170074496750674	0.07363228039172373	0.03466313732904771	0.0	0.0	0.015624389672278426	0.0	0.0	0.03283592980407895	0.028781947962238087	0.0	0.0	0.0	0.0	0.0	0.019243457224543657	0.0	0.0	0.0	24.654190398698127	0.0	0.020695364238410598	0.0	0.008135703534963186	0.0	2.822105725040992	0.0	0.0	0.0	0.0	0.0	18.910509679968392	22.972972972972975	0.0	0.004352178265221744	0.1647384776667041	0.2931889941362201	0.0	0.0	0.0	0.0	0.0	6.370447683304134	0.0	0.018347782211825148	0.0	0.8886313145948035	0.0	0.0	0.0	0.0	0.03655713067143263	NA	0.0	18.00055710461772	0.029241598262213585	0.12750666512113132	0.0	0.0	NA	0.040335887939569506	0.08957229230424721	0.008677166037572128	0.04260428366706689	0.0	0.006422607578676943	0.004764400400209634	0.0	0.003487358326068003	0.0	0.0	0.0	0.0	0.0	0.0	0.17546791443850268	0.0	0.04380451757894336	0.0	0.0	0.17758484609313338	0.0	0.0	0.0	0.0	0.07729302645139127	0.0	0.0	0.0	0.042575334689436584	0.0	0.236510161177295	0.0	0.033647375504710635	0.0	0.0	25.423356058939962	0.06355258976803305	0.776914539400666	0.0	0.0	0.0	0.0	0.0	0.0	0.0	0.0	0.0	0.12603718096838568	0.0	0.0	0.0	0.0	0.11741474088701499	0.01857700167193015	0.0	0.0	0.0288831122664356	0.0	0.0	0.0	5.344564123588387	0.0	0.07574744909325848	0.009317927692881103	0.01594896331738437	0.0	0.0	0.0	0.0	0.03555645857672576	0.0	0.0	0.0	0.04946461824953445	0.004386157287600333	0.04931209625721189	0.0	0.021287919105907396	41.32366273798731	0.9296685529506872	0.0	0.02643016562903794	0.0	0.008397010664203544	0.0	0.0	0.0	0.0	0.0	0.0	26.49896145857374	4.22917897223863	0.013443570612354641	0.0	0.06573757559821193	0.0	0.0	0.0	0.0	0.0	0.0	0.041733738746795444	0.039179835444691134	0.9068343537977825	0.01333822401547234	0.0	0.0	0.3666558826701175	13.275282615337611	0.0	0.18307280664695114	0.07775617883921132	0.0	0.0	0.0	0.0	0.0	0.024063045178367323	0.03539127015336217	27.34166101289061	0.0	0.0	0.05588413356307922	0.0	0.0	NA	6.379690949227373	0.0	0.0	0.0	0.05600672080649678	0.3646005966191581	0.0	0.0	0.0	0.0	0.0	0.04144218814753419	0.0	0.0	0.04731328151402501	0.0	0.0	1.1685728493286922	0.0	0.0	0.018700910110958733	0.039844966856232115	0.0	0.2963202413663057	0.11564575095127957	0.05942947702060222	53.23079996005193	0.0	0.0	0.0	0.0	0.0	0.0	0.0	0.0	0.0	0.0	0.0	0.0	0.23010722996916563	0.0	0.0	0.0	0.0	0.0	0.03417051084913719	0.0	0.0	0.0	0.0315059861373661	0.0	0.0	0.0	0.0	0.029014100853014566	0.20004445432318294	0.0	1.4458843292536596	0.0	0.0	0.05464679951910817	0.0	0.24858230404723064	0.05654243038213259	0.0	0.020542317173377157	0.0	0.0	0.0	0.0	0.0	0.4307306758555877	0.0	0.0	0.0	0.0	0.0
NA12249	0.0	0.0	0.2956886684471576	0.0	0.0	0.879872907246731	0.024160425223483932	0.0	0.0	0.0	0.0	0.0	0.0	0.031023784901758014	4.76878612716763	0.0	0.0	0.0491927910200796	0.0	0.0	0.0	0.0	0.0032626427406199023	0.0	0.0	0.0	0.02063699525349109	0.17405493608920317	0.04105258836569646	0.0	0.017003910899506886	0.0	0.0	0.0	0.0	0.003532819896841659	0.0	0.0383744579607813	0.0	19.977678571428573	0.28986799857295753	0.0	0.0	0.0251004016064257	0.0	1.9884718971028719	0.0	0.0	0.06241280563918056	0.0	0.0	11.837431693989071	17.740793201133144	0.0	0.04381161007667032	0.10447335929338018	0.46157185191195677	0.0	0.07228697930785218	0.0	0.0	0.0	4.190520882214923	0.0	0.035496057402195684	0.0	0.5141094481891922	0.0	0.0	0.0	0.018114301240829637	0.19115772963434957	NA	0.0	21.443274004116724	0.0	0.059439440354807735	0.0	0.18262806236080179	0.0	0.0	0.04373815424989066	0.0	0.0	0.0	0.0	0.0	0.0	0.0	0.0	0.0	0.0	0.0	0.03186235462800701	0.0	0.13073073975566876	0.0	0.06406589635053198	0.0	0.0	0.03157811636535881	0.0	0.0	0.0	0.0	0.0	0.0	0.0	0.019053970371076073	0.010335383184331559	0.0	0.20867145838163692	0.0	0.02488181139586962	0.0	0.0	22.397672969042176	0.0	0.6209850107066381	0.0	0.041704316396747064	0.0	0.0	0.0	0.0	0.0	0.0	0.0	0.0	0.0	0.0	0.0	0.0	0.19094901661256444	0.0	0.0	0.0	0.010075312964408957	0.0	0.0	0.0	2.7378994621983197	0.0	0.030598194706512313	0.025523226135783564	0.05100089251561902	0.0	0.0	0.0	0.051808102787275934	0.011640765962400325	0.0	0.04338394793926247	0.0	0.10366275051831375	0.02056978298878947	0.005928736586233474	0.020787859889824345	0.0	33.99566473988439	0.36960985626283366	0.0	0.037870963299593746	0.0	0.0	0.0	0.0	0.0	0.0	0.0	0.0	23.95968466220936	2.3909316060201946	0.0	0.0	0.0	0.0	0.0	0.0	0.0	0.0	0.0	0.0	0.0	0.974025974025974	0.0	0.027190537692882877	0.0	0.16992353440951571	13.370386560919254	0.060138318131702916	0.04908216354176892	0.016540955405584225	0.0	0.0	0.0	0.09034239768723462	0.0	0.0	0.0	18.61355158483889	0.0	NA	0.0	0.0	0.0	0.0	2.094131416151145	0.0	0.0	0.03876219394017701	0.04837929366231253	0.14303638644918445	0.0	0.0	0.0	0.0	0.0	0.06831476025788823	0.0	0.0	0.0	0.0	0.0	1.3592321132769067	0.0	0.0	0.0	0.0	0.0	0.14874915483434753	0.0	0.1569713758079409	40.94972885827349	0.0	0.016479894528675015	0.012224938875305623	0.023250406882120437	0.0	0.0	0.0	0.0	0.0	0.0	0.0	0.0	0.11751693626434398	0.0	0.0	0.0	0.0	0.0	0.0	0.0	0.05642279480910288	0.0	0.0	0.0	0.0	0.0	0.0	0.0	0.3559225512528474	0.014163302882232137	1.552157041771285	0.0	0.0	0.004244121891180715	0.04627487274409996	0.7673403881839611	0.0	0.0	0.0	0.0	0.0	0.0	0.005051780752715332	0.0	0.4229752463350156	0.0	0.0	0.0	0.1620543505360259	NA
NA12287	0.01728210150354283	0.0	0.19824168246853993	0.0	0.0	1.9596199524940616	0.014140271493212671	0.0	0.0147237457209114	0.0	0.0	0.0	0.0	0.0	3.2455216016859856	0.0	0.0	0.01644195988161789	0.04338394793926247	0.0	0.01467782181124321	0.014450867052023123	0.0	0.0	0.10986786943071097	0.03166131439685196	0.0	0.0	0.0	0.006577865482650879	0.03755163349605708	0.0	0.13328255902513328	0.0	0.0	0.0	0.0	0.0	0.0	28.25814536340852	0.025267413459108903	0.014158289678606824	0.0	0.013280212483399735	0.0	1.2009031585738035	0.0	0.0	0.006676681689200468	0.06232082762059081	0.0	18.658892128279884	0.0	0.0	0.034420022618872004	0.17018517768142954	0.34001537460824316	0.0	0.011430313190581421	0.0	0.0	0.0	5.597517658106398	0.0	0.021512315800795954	0.0	0.5093095098939634	0.0	0.0	0.0	0.0	0.1705266497461929	NA	0.0	15.454453235950497	0.0	0.24298746696223036	0.0	0.011876484560570071	NA	0.01765100434214707	0.0	0.0	0.014604403227573115	0.0	0.0	0.0	0.0	0.0	0.0	0.060322026820101154	0.0	0.0	0.0	0.037352922866214285	0.044016021831946826	0.0	0.012260160608103967	0.019517526739011633	0.0	0.29902242668200113	0.0	0.0	0.0	0.0	0.0	0.0	0.061621888094651224	0.033721126285617936	0.08381449059415161	0.0	0.01601152830037627	0.0	0.0	0.0	0.0	28.612997090203685	0.2488157328101823	0.5840363400389358	0.0	0.06044304753845689	0.0	0.0	0.003169371196754564	0.0	0.012951690195570523	0.0	0.0	0.010358937173046047	0.0	0.0	0.0	0.0	0.12957016506112332	0.0	0.0	0.01747091093329606	0.0	0.0	0.0	0.0	3.9268904387260792	0.0	0.0348872705071737	0.0	0.022962112514351322	0.0	0.0	0.0	0.04699468960007519	0.058988349800914316	0.0	0.0	0.0	0.015719315895372232	0.021198117607156487	0.029222676797194622	0.03874681722572789	0.0	41.65855557718513	0.8056394763343404	0.0	0.0	0.013723068478111704	0.012625731240267665	0.0	0.0	0.0	0.0	0.0	0.0	20.09785647716682	2.7907470288624787	0.005607581450120564	0.0	0.18445646827348747	0.0	0.030111412225233364	0.0	0.0	0.0	0.0	0.0	0.014255844896407526	0.9832812124127976	0.012909055702575356	0.0	0.0	0.39857804589033713	13.247386052177443	0.0	0.17703237829023993	0.0	0.0	0.061002178649237467	0.0	0.0	0.0	0.03488209850704618	0.0	22.2694432639184	0.0	0.0	0.0	0.0	0.0	NA	2.9069362147089577	0.0	0.0	0.0	0.0	0.0673525791392805	0.0	0.0	0.0	0.0	0.0	0.053751055824310834	0.0	0.0	0.06802500728839364	0.0	0.0	0.7105637138796779	0.0	0.02813829974323801	0.0	0.0	0.0	0.05949901826619861	0.008366100560528738	0.019018638265500192	51.67228411743234	0.0	0.0	0.0	0.0499037570399943	0.0	0.0	0.0	0.0	0.0	0.0	0.0	0.0	0.09489354130834471	0.0154659902873581	0.0	0.0	0.0	0.02445187056809846	0.03552082408311873	0.0	0.0	0.0	0.29852868007676453	0.020589547373116916	0.0	0.0	0.0	0.0	0.050658561296859174	0.012942470717660002	0.64625380149295	0.0	0.0	0.05571030640668524	0.0	0.3486403028190059	0.0	0.0	0.014355440712029861	0.0	0.0	0.0	0.00914202130090963	0.0	0.5541445393673516	0.0	0.0	0.033709242461387595	0.0	NA
NA12399	0.01169864295741694	0.0	0.2655420181193377	0.0	0.0	1.3697894284486463	0.0	0.0	0.02135687335374101	0.0	0.0	0.005209961446285297	0.0	0.0	2.678511339928663	0.0	0.0	0.03904572254109562	0.0	0.0	0.0	0.0	0.0	0.0	0.0	0.030082942971335253	0.0	0.0	0.018765246762994934	0.02321724709784411	0.0	0.0	0.0	0.0	0.0	0.021325209444021324	0.02380102344400809	0.027820280984837947	0.0	25.0	0.0	0.0	0.01120573733751681	0.0	0.0	2.057787547339707	0.0	0.0	0.0832588115575565	0.0	0.0	13.788255650481238	18.35208198362683	0.0	0.0	0.037257824143070044	0.08960071680573445	0.017875497162264827	0.025311878502983186	0.0	0.03482298316889147	0.0	3.058330250339129	0.0	0.0	0.0	0.45801526717557256	0.0	0.0	0.0	0.0	0.05175365261355946	NA	0.0	20.68733153638814	0.04687902866652603	0.18755606295360025	0.0	0.0	NA	0.014332807797047441	0.014521691777092031	0.0	0.1412954562355916	0.0	0.0	0.0	0.0	0.0	0.0	0.0	0.0	0.0	0.0	0.0	0.017175490574949548	0.0	0.09444809461235217	0.0	0.0	0.05430847212165098	0.0	0.0	0.0	0.0	0.0	0.0	0.0	0.0	0.09211334327572594	0.0	0.043838498969795275	0.0	0.10657193605683836	0.0	0.0	32.94917815983374	0.06402390225684255	1.3866666666666667	0.0	0.0	0.0	0.0	0.0	0.18930430667297682	0.0	0.0	0.0	0.0	0.0	0.0	0.0	0.0	0.13704888076747374	0.03497420652268952	0.0	0.0	0.0	0.0	0.0	0.0	3.4555415086388535	0.0	0.07814195789016713	0.0	0.0	0.0	0.0	0.0	0.0	0.0190885230255309	0.0	0.0	0.0	0.0	0.031647000316470004	0.01864541089824267	0.051205898919555536	0.0	43.66197183098591	0.39079461571862784	0.0	0.029254307696808354	0.0	0.00844737286703835	0.0	0.0	0.0	0.0	0.0	0.0	20.61130775853822	2.884923602949033	0.0	0.022536057692307692	0.024175027196905598	0.0	0.0	0.0	0.0	0.0	0.0	0.0	0.06544502617801047	0.6750760649087221	0.0	0.0	0.00965779222869652	0.14897209256132685	10.512261580381471	0.0	0.08004002001000501	0.023791900179761023	0.0	0.0	0.0	0.0	0.0	0.014155283459551277	0.0	20.92620108964834	0.0	0.0	0.09590653472252496	0.0	0.0	NA	1.9798998757857493	0.0	0.0	0.0	0.04890274466654441	0.14510111013865218	0.0	0.0	0.0	0.0	0.0	0.0387116754413131	0.0	0.0	0.01621586560290588	0.0	0.0	0.6683815931227052	0.0	0.018202999854376	0.0	0.02169511136823836	0.0	0.19437395389017872	0.10898962580228473	0.007865963973884999	42.934851321854694	0.0	0.0	0.0	0.0	0.0	0.0	0.0	0.0	0.0	0.0	0.0	0.0	0.14713610089332632	0.0	0.0	0.012062241164408348	0.0	0.0	0.06024874123165641	0.0	0.026436842383545708	0.0	0.005643022402798939	0.0	0.0	0.0	0.0	0.0	0.06746120980436249	0.0	0.8086609235237812	0.0	0.0	0.04333225002708265	0.0	0.2570938868786898	0.0	0.0	0.0	0.0	0.0	0.0	0.004932669067232279	0.0	0.3748183278512966	0.0	0.0	0.0	0.0	0.0
NA12717	0.018131270397679197	0.0	0.052842152940288364	0.0	0.0	0.5813355283465377	0.08400152730049637	0.0	0.0	0.07625712106939397	0.06307977736549165	0.03746721618583739	0.0	0.0	3.9093898428936793	0.0	0.01971479266609713	0.018950879320800487	0.07207640098504414	0.0	0.014322543683758236	0.0	0.032554010062148565	0.0	0.0	0.0	0.0	0.027051885516420494	0.044196231266824704	0.0	0.011348161597821153	0.0	0.0	0.0	0.0	0.0	0.0	0.010081322669534242	0.0	30.675469781615032	0.0895073029822206	0.0	0.01072194424588992	0.02284774264302687	0.0	2.778510371931693	0.0	0.0	0.08253549026081215	0.0	0.0	14.381609777721488	0.0	0.0	0.0	0.052882072977260705	0.4027828634199927	0.0	0.11361484567316796	0.0	0.0	0.0	7.273675531058621	0.0	0.0	0.0	0.6641143839362451	0.0	0.0	0.0	0.0	0.0	NA	0.0	14.232735291169691	0.021570836229417828	0.306604777924456	0.0	0.06129537560444051	0.0	0.03036859886876969	0.0	0.0	0.014661144302312794	0.0	0.0	0.0	0.0	0.0	0.0	0.0147138162734808	0.0	0.0	0.0	0.007135212272565109	0.013789299503585218	0.0	0.10193255809115684	0.0	0.0	0.1889763779527559	0.0	0.0	0.0	0.0	0.0	0.0	0.1103617412630288	0.10415891674726582	0.018604651162790697	0.0	0.16972325680071662	0.0	0.0	0.0	0.0	29.791058189170972	0.0	0.9372907833072975	0.0	0.04619791185438418	0.0	0.035381009243288665	0.0	0.0	0.0	0.0	0.0	0.015379094683959604	0.0	0.0	0.0	0.0	0.09352349777881692	0.010254306808859722	0.0	0.0	0.0	0.0	0.0	0.0	5.36159205328766	0.0	0.02821658368085915	0.038033143167617495	0.13572357631623594	0.0	0.0	0.0	0.018277358921635824	0.0	0.0	0.0	0.0	0.0	0.04275331338178709	0.0	0.08244023083264633	0.0	45.192936559843034	0.9596161535385845	0.0	0.0	0.043080236941303175	0.06712535660345696	0.0	0.0	0.036682290605257795	0.02270577105014191	0.0	0.0	20.62782379518072	3.0080367393800227	0.0	0.009052231375033946	0.13746754238582556	0.0	0.0	0.0	0.0	0.016646321163022972	0.07627765064836003	0.03128177054821303	0.009720534629404618	1.796138302649304	0.026809651474530835	0.0	0.0	0.0712166172106825	11.267677150054215	0.0	0.24328381386200115	0.04375346381588543	0.0	0.0	0.0	0.0	0.0	0.012557292647705155	0.0	36.056338028169016	0.0	NA	0.015344483658124904	0.0	0.0	NA	5.54049356969065	0.0	0.0	0.04477027253903408	0.06669900557846228	0.1803916454760818	0.0	0.0	0.0	0.0	0.0	0.11771406872982723	0.0	0.022114108801415303	0.0033796343235661906	0.0	0.0	1.0472133475328362	0.0	0.0	0.0	0.07717467200764397	0.0	0.3056486216422735	0.0	0.04117845243888743	62.4819275566999	0.009512485136741973	0.0	0.0	0.0	0.0	0.0	0.0	0.0	0.0	0.0	0.0	0.0	0.005508731339172589	0.0	0.0	0.021106842838448225	0.022506048500534517	0.0	0.0	0.07622215292935593	0.045521793558666215	0.0	0.11315417256011315	0.0	0.0	0.0	0.0	0.0	0.7749165474487363	0.05136106831022085	1.7214781572119766	0.0	0.0	0.003914200720212932	0.0	0.46781967677913244	0.08097165991902834	0.0	0.02895473409902519	0.0	0.0	0.0	0.0	0.0	0.7341742492287264	0.0	0.0	0.0	0.035476368796562734	NA
NA12751	0.01671122994652406	0.0	0.40765130134838506	0.0	0.0	1.0192081536652293	0.0	0.0	0.0	0.08172291125853284	0.006611570247933884	0.0	0.0	0.0	4.232848935451166	0.0	0.0	0.04451098612066524	0.03964321110009911	0.0	0.0	0.0	0.02511511092507325	0.0	0.0	0.0	0.0	0.015014263550372855	0.0	0.027242389157529117	0.0	0.0	0.0	0.0	0.0	0.0	0.009298865538404314	0.019524258891672905	0.0	25.51896921975662	0.05160778086542279	0.0	0.018815383457514864	0.0	0.2974675063647327	3.1577428200317503	0.0	0.0	0.05074953154278576	0.0	0.0	16.408961817608077	0.0	0.0	0.011328235627301047	0.21101246167934068	0.13760796369492023	0.0	0.04195110789062202	0.0	0.0	0.0	4.456211812627291	0.0	0.07248252653378202	0.0	0.7604166666666667	0.0	0.0	0.03615982643283312	0.0075437537718768865	0.06211421250824954	NA	0.0	19.230549362602183	0.002387603562304515	0.11204208885424785	0.0	0.0714446867714522	NA	0.0	0.031399145943230344	0.0	0.0	0.0	0.0	0.0	0.0	0.0	0.0	0.0	0.0	0.0	0.0	0.0	0.08624584171834572	0.0	0.021279312252627993	0.0	0.0	0.23910098031401927	0.0	0.0	0.0	0.0	0.04143360265175057	0.0	0.07574482410368624	0.0	0.0675789829363068	0.0	0.3985356133277724	0.0	0.0	0.0	0.0	26.206339592166362	0.06739193222297102	0.7579135086937138	0.0	0.0	0.0	0.0	0.01301913813305559	0.0	0.0	0.0	0.0	0.0	0.0	0.0	0.0	0.0	0.15962163759976353	0.07575316123769012	0.0	0.0	0.012087221389546971	0.0	0.02749392842413967	0.0	4.02158456994932	0.0	0.016309887869520895	0.011391467790624821	0.0471253534401508	0.01487741014044275	0.0	0.0	0.0	0.0187423859057258	0.03803245436105476	0.0	0.0	0.01951727278641598	0.0	0.02781254345709915	0.02633658151171978	0.0	37.92242703533026	0.8366678792288106	0.0	0.0	0.0573641187437258	0.0	0.0	0.0	0.0	0.0	0.0	0.0	30.066640533124268	1.547128563020264	0.0	0.0	0.014622020763269484	0.0	0.0	0.0	0.0	0.0	0.0	0.04379625979941313	0.0	0.7219586038252161	0.0	0.0	0.0	0.16605778811026237	12.80510939673707	0.0	0.24282560706401765	0.11159436877646789	0.012730744748567792	0.0	0.0	0.0	0.022152482924127748	0.0	0.02057951926243003	28.838532876290085	0.0	0.0	0.0	0.0	0.0	0.0	1.7995678203266146	0.0	0.0	0.011917530687641521	0.0	0.2976856618469941	0.0	0.0	0.0	0.020910659208531548	0.0	0.09291521486643438	0.0	0.0	0.0	0.0	0.02779514974636926	1.3720568901637384	0.0	0.03264986287057594	0.0	0.0	0.0	0.15526021612222085	0.09300523154427437	0.05115463314820228	48.60157016683023	0.0	0.0	0.005379814934366258	0.0937353538509608	0.0	0.0	0.0	0.0	0.0	0.026301081631982113	0.0	0.0	0.05471357443781802	0.0	0.004440694524623651	0.0	0.0	0.0	0.0	0.0	0.0	0.0	0.08583690987124463	0.0	0.0	0.0	0.0	0.0	0.3038254384753487	0.027197932957095262	1.697792869269949	0.0	0.0	0.0	0.0	0.32443508452387726	0.0	0.0	0.05730061988852425	0.0	0.0	0.0	0.0	0.0	0.43478260869565216	0.0	0.0	0.0	0.056945581378794886	NA
NA12766	0.0	0.0	0.11384659171766046	0.0	0.0	0.3665648430991391	0.0	0.0	0.0	0.0	0.0	0.0	0.0	0.0	2.125157496850063	0.0	0.0	0.019232988421740968	0.0	0.0	0.0	0.0	0.0	0.0	0.0	0.0418025248725023	0.0	0.005681818181818182	0.0	0.06360873559968902	0.0	0.0	0.0	0.0	0.0	0.0	0.012815583749839805	0.0	0.0	12.817584927205253	0.0	0.0	0.0	0.0	0.0025315814789499	1.32742248306088	0.0	0.0	0.01305866605726225	0.06438689369008442	0.0	8.03454918287454	0.0	0.0	0.0	0.0753045404208195	0.41845901735288094	0.0	0.0	0.0	0.0	0.0	1.8890997259118703	0.02889547063497797	0.0	0.005396362851438131	0.353937555302743	0.0	0.0	0.0	0.0	0.12101828240480615	NA	0.0	12.710268254365305	0.0	0.17827820783485807	0.0	0.0	NA	0.0	0.08201202843083652	0.008042787630192625	0.07136909718092066	0.0	0.0	0.0	0.0	0.041254125412541254	0.0	0.0	0.0	0.0	0.0	0.0	0.03374632406112906	0.0	0.0	0.0	0.0	0.05906674542232723	0.0	0.0	0.0	0.0	0.0	0.0	0.0	0.0	0.05356903709655819	0.0	0.04460800713728114	0.0	0.0	0.0	0.2761159687068569	21.854035373043303	0.0	0.4625511474826543	0.0	0.008874689385871494	0.0	0.0	0.0	0.0	0.0	0.0	0.0	0.0	0.0	0.0	0.0	0.0	0.17804560706704103	0.0	0.0	0.03547734771348494	0.0	0.0	0.0	0.0	0.8687734739557647	0.0	0.06600971285774906	0.0	0.0	0.0	0.0	0.0	0.0	0.0	0.0	0.0	0.0	0.0	0.0	0.05223568742164647	0.0	0.0	28.487623408212908	0.17580872011251758	0.0	0.0	0.0	0.0	0.0	0.0	0.0	0.0	0.0	0.0	17.57001384304121	0.6158778368345567	0.0	0.0	0.03659875564230816	0.0	0.0	0.0	0.0	0.0	0.0	0.0	0.0	0.4283690883338515	0.0	0.0	0.0	0.0	7.485514433366393	0.0	0.0	0.0	0.0	0.0	0.0	0.0	0.04758070419442208	0.0	0.011380448389666554	14.520081394275723	0.0	0.0	0.0	0.0	0.0	0.0	1.1189655784874428	0.0	0.0	0.0	0.050575293968896186	0.22467320261437906	0.0	0.0	0.0	0.0	0.0	0.007608323505915471	0.0	0.0	0.0	0.0	0.0	1.0338764505919589	0.0	0.0	0.0	0.0	0.0	0.2457002457002457	0.11144958763652574	0.05184033177812338	29.176896239824266	0.0	0.0	0.0	0.0	0.0	0.0	0.0	0.0	0.0	0.0	0.0	0.0	0.02605387942264603	0.0	0.0	0.0	0.0	0.0	0.02428127428127428	0.0	0.0	0.0	0.019301293186643503	0.0	0.0	0.0	0.0	0.0	0.10486302267662866	0.0	0.7380492789826274	0.0	0.004031607805192711	0.0	0.0	0.46156744536548605	0.0	0.0	0.0	0.0	0.0	0.0	0.0	0.0	0.09146087968737009	0.0	0.0	0.0	0.04969767249233827	0.0
NA12812	0.0861276986678916	0.0	0.40752622908176533	0.0	0.0	1.5818750724301773	0.04112180277983387	0.0	0.0	0.03345600535296086	0.0	0.0	0.0	0.0	4.3124673580541675	0.0	0.0	0.025583081055728478	0.0	0.0	0.0	0.0	0.0	0.022530134054297626	0.0	0.05871005619391093	0.0	0.01969376200088622	0.0	0.012907111818612056	0.0	0.0	0.0	0.0	0.0	0.030016509079993998	0.0041619844341782165	0.0	0.0	17.963636363636365	0.027582945858617702	0.0	0.04168258709923929	0.03211303789338471	0.0	2.694913239838365	0.0	0.0	0.0	0.0	0.0	17.580057276750846	16.248616746587974	0.0	0.0	0.15088449531737774	0.002880184331797235	0.008503039836741635	0.04660918200885575	0.0	0.0	0.0	3.0776790101398133	0.025255714105316327	0.07560069684120567	0.0	0.7711740460045207	0.0	0.0	0.0	0.008883361463977968	0.06616965900569059	NA	0.022970024118525324	19.955168373325183	0.0	0.2100932288703112	0.0	0.022448368751870697	0.0	0.12734030837004404	0.02464354867100863	0.01695346274476562	0.04423533196605944	0.0	0.0	0.009202171712524156	0.4121393780442113	0.0	0.0	0.0	0.0	0.0	0.0	0.0	0.0	0.0	0.026545618645642536	0.0	0.0	0.18501387604070307	0.0	0.0	0.0	0.0	0.03348737525952716	0.0	0.0	0.0	0.009430848304805017	0.0	0.05095685652813951	0.0	0.0	0.0	0.0	22.614292055037726	0.0	0.6954552806081191	0.0	0.006236746912810278	0.0	0.0	0.0	0.0	0.018192844147968467	0.0	0.0	0.14660276289822385	0.0	0.0	0.0	0.0	0.15994313133108226	0.0	0.0	0.0	0.0	0.0	0.0	0.0	2.6737148548226464	0.0	0.013658092419758709	0.0	0.11935116367384581	0.0	0.0	0.0	0.0	0.0	0.0	0.0	0.0	0.05757273355338912	0.0	0.015397249024840895	0.04869226488592098	0.0	41.584692090014826	0.1785076758300607	0.012228427016671423	0.0	0.0	0.0	0.0	0.0	0.012093360744951022	0.0	0.0	0.0	23.630606361359234	2.8245030134028966	0.0	0.0	0.0	0.0	0.0	0.0	0.0	0.0	0.0	0.01872191712431353	0.0	0.7203404027205415	0.0	0.0	0.0	0.17663943475380878	12.672476397966594	0.0	0.06493155132298037	0.03630532780685566	0.0	0.0	0.0	0.0	0.0	0.0	0.0	18.777890863540282	0.0	0.0	0.03729777612009884	0.0	0.0	0.0	1.9312652068126521	0.0	0.0	0.03397700889065066	0.0	0.08575839002915786	0.0	0.0	0.0	0.03613649269526612	0.0	0.09919931977609296	0.0	0.0	0.0	0.0	0.04549590536851684	1.487357461576599	0.0	0.0	0.0	0.0	0.0	0.12770650722702734	0.04853825187619012	0.06897608828939301	40.77163712200208	0.0	0.0	0.0	0.03469812630117974	0.0	0.0	0.0	0.0	0.0	0.0	0.00768403258029814	0.0	0.0486039855268132	0.0	0.0	0.05834043889960957	0.0	0.007190623427051126	0.03168854685377999	0.0	0.0	0.0	0.0	0.0	0.0	0.0	0.0	0.0	0.12017786323759164	0.0	1.2073094714740331	0.0	0.0	0.0527048902608892	0.0	0.3060618519026084	0.03206978384965685	0.0	0.0	0.0	0.0	0.008169934640522875	0.0	0.0	0.5601516718372975	0.0	0.0	0.0	0.0	0.0
NA12815	0.0	0.0	0.31267242964870334	0.0	0.0	0.9505368773103327	0.0	0.012311227839789888	0.014337431449155884	0.05801866266982546	0.0	0.0	0.0	0.0	2.433767400089807	0.0	0.0	0.052478412289490003	0.0	0.0	0.10312822275696115	0.0	0.0	0.0	0.0	0.0	0.0	0.0	0.0	0.0	0.0	0.0	0.0	0.0	0.0	0.06131010003226847	0.0	0.0	0.0	19.549929676511955	0.0	0.0	0.028071863971767728	0.0	0.0	2.077302911629491	0.0	0.0	0.029378162232740326	0.0	0.0	11.861554222157178	0.0	0.0	0.035750994324529654	0.07355307313933711	0.13922859830667922	0.0	0.008686210640608035	0.0	0.0	0.0	4.259941437612166	0.0	0.0	0.0	0.6182380216383307	0.0	0.0	0.0	0.0	0.03856722749843321	NA	0.0	15.412940557601262	0.0	0.0740222889336678	0.0	0.0	NA	0.02409058058299205	0.010587612493382742	0.0	0.048028642535912325	0.0	0.0	0.0	0.0	0.01645481097535892	0.0	0.0	0.0	0.0	0.0	0.0	0.03409187761015938	0.0	0.11977306156755621	0.0	0.0	0.5090909090909091	0.0	0.0	0.0	0.0	0.0	0.0	0.0	0.0	0.05040576641967841	0.0	0.12699905926622765	0.0	0.0	0.0	0.0	25.708502024291498	0.04678518914583612	0.8519338899301414	0.0	0.0	0.0	0.03567447045707915	0.022697181766597314	0.0	0.0	0.0	0.0	0.0	0.0	0.0	0.0	0.0	0.1829232312503688	0.040869150602819974	0.0	0.0	0.0	0.0	0.0	0.0	2.8372304012536596	0.0	0.13193281575074847	0.0	0.0	0.0	0.0	0.0	0.0	0.01212709192335678	0.0	0.0	0.0	0.012962602890660445	0.0	0.03311806590495115	0.0	0.0	38.678553981436245	0.6933744221879815	0.0	0.028811063448364174	0.21561681811181274	0.009237875288683603	0.0	0.0	0.0	0.0	0.0	0.0	21.584797418429545	3.173006583760059	0.0	0.0	0.0	0.0	0.0	0.0	0.0	0.0	0.0	0.022611644997173545	0.0	0.7839656830116115	0.0	0.0	0.0	0.013150973172014729	11.568865916692003	0.0	0.014118311449950587	0.059922849331485714	0.0	0.0	0.0	0.020983423095754353	0.0	0.0	0.0	17.49118805722579	0.0	NA	0.07438054948630933	0.0	0.0	0.0	1.2890714122746978	0.0	0.0	0.037350597609561755	0.055364173228346455	0.1531043623317566	0.0	0.013962580284836637	0.0	0.0	0.0	0.024547909336388184	0.0	0.0	0.0	0.0	0.0	1.0342962729280274	0.0	0.0	0.0	0.0	0.0	0.19190509420795532	0.03328617791462095	0.06925207756232687	43.91067873845359	0.0	0.0	0.0	0.0	0.042666666666666665	0.0	0.0	NA	0.0	0.0	0.048931658783232745	0.0	0.09963260476991095	0.0	0.03961093261740241	0.0	0.0	0.0	0.0	0.0	0.045441635898892364	0.0	0.16540317022742937	0.0	0.0	0.0	0.0	0.0	0.2154899226771454	0.0	1.1758160237388724	0.0	0.0	0.0980872976949485	0.16613804561244525	0.1641805047377803	0.0	0.0	0.0	0.0	0.0	0.0	0.005220569042025581	0.0	0.6824550302811172	0.0	0.0	0.0	0.0	NA
NA12817	0.0	0.0	0.08542362351479382	0.0	0.0	0.4454804454804455	0.0	0.0	0.0	0.0	0.0072761669152690365	0.0	0.0	0.0	2.088167053364269	0.0	0.0	0.05247769697878402	0.0	0.0	0.0	0.0	0.0	0.0	0.018468926031951244	0.0	0.0303459437588509	0.025176233635448138	0.011073788342992138	0.0	0.0	0.0	0.0	0.0	0.0	0.030090572623597024	0.0	0.019681810726586847	0.0	13.0879345603272	0.0	0.0	0.0	0.0	0.0	1.2662345787142464	0.23009664058904739	0.0	0.028403327246906064	0.0	0.0	14.26275404396516	0.005622399640166423	0.0	0.005898661003952103	0.03916278664984117	0.025	0.0	0.018942981625307824	0.0	0.01336719689881032	0.0	2.0108346341015517	0.02032520325203252	0.04797477897333973	0.0	0.16826164686086864	0.0	0.0	0.0	0.0	0.0	NA	0.0	8.092375830433408	0.0	0.05798221878623889	0.0	0.031678986272439286	0.0	0.014758513817658562	0.043562763889819715	0.0	0.0631195930642706	0.0	0.0	0.0	0.0	0.0	0.0	0.0	0.0	0.0	0.0	0.0	0.044171562348160255	0.0	0.0	0.0	0.0	0.11505143475906876	0.0	0.0	0.0	0.0	0.04209935447656469	0.0	0.0	0.0022055580061755625	0.0	0.0	0.11105154323351459	0.0	0.0	0.0	0.0	19.912733042443477	0.0	0.6962864721485411	0.0	0.025181164488962255	0.0	0.0	0.0	0.0	0.0	0.013887602999722247	0.0	0.0	0.0	0.0	0.020751808371872404	0.0	0.07123956849175657	0.0	0.0	0.0	0.0	0.0	0.0	0.0	1.578447171604479	0.0	0.05320092214931725	0.010248526774276198	0.06790961847141623	0.0	0.0	0.0	0.0	0.0	0.0	0.0	0.0	0.015688243230523046	0.0	0.0	0.0	0.0	34.138514810952394	0.29296875	0.02158242327448526	0.0	0.031014163134498084	0.0	0.0	0.0	0.012712403067926606	0.0	0.0	0.0	18.952464335376217	1.62609011627907	0.0	0.0	0.0	0.11022320198401765	0.0	0.0	0.0	0.0	0.0	0.0	0.0	0.2521366122007924	0.0	0.0	0.0	0.05869118654015455	8.838893811161448	0.0	0.02687569988801792	0.0	0.0	0.0	0.0	0.0	0.014576728253343538	0.0	0.0	21.000926037766234	0.0	NA	0.053205639797818574	0.0	0.0	0.0	0.8917347580138278	0.0	0.0	0.0	0.028768699654775604	0.08473471516099595	0.0	0.0	0.0	0.0	0.014063378961185074	0.0791765637371338	0.0	0.0	0.0	0.0	0.0	0.745424850286863	0.0	0.013456686291000842	0.0	0.0	0.0	0.15942330352810702	0.014873758970735878	0.04484853426835732	33.13451776649746	0.0	0.02155482109498491	0.0	0.029282576866764276	0.0	0.0	0.0	0.0	0.0	0.0	0.0	0.0	0.07883509552958635	0.0	0.0	0.01909271422025355	0.0	0.0	0.0	0.0	0.06535591743369097	0.0	NA	0.03937653814602133	0.0	0.0	0.0	0.0	0.2038895859473024	0.0	0.7302172577088529	0.0	0.03393153370532348	0.0	0.0	0.29708573045364517	0.04688232536333802	0.0	0.0	0.0	0.0	0.0	0.0	0.0	0.3383961595970725	0.0	0.0	0.0	0.0	0.09544261512765449
NA12878	0.0	0.0	0.11992099322799096	0.0	0.0	0.14193422083007046	0.0	0.0	0.020849259851275278	0.0	0.0	0.0	0.0	0.0	2.269071204809076	0.0	0.026304713804713803	0.0	0.05469262743382192	0.0	0.0	0.010477787091366304	0.0	0.0	0.0	0.0	0.0	0.06741270055278414	0.0	0.029785174429427755	0.03506926179203928	0.0	0.0	0.0	0.0	0.02874719714827804	0.0	0.0	0.0	10.924158714213963	0.0	0.0	0.0	0.0	0.0	1.323348070618665	0.0	0.0	0.04005052527804307	0.0	0.0	6.22404537627874	11.322298445465416	0.0	0.0	0.0037013732094607096	0.1503397678753984	0.012597631645250695	0.0031807627469067085	0.0	0.0	0.0	1.5378802191573777	0.0	0.036903511511056857	0.0	0.5386241221790414	0.0	0.0	0.0	0.0	0.0	NA	0.0	11.752244527388278	0.0	0.0	0.0	0.08465393471488554	NA	0.0	0.0	0.0	0.0	0.0	0.0	0.0	0.17076502732240437	0.0	0.0	0.0	0.0	0.0	0.0	0.04276977032633335	0.03382377811601556	0.0	0.01995311019105103	0.0	0.0	0.07750299443387586	0.0	0.0	0.0	0.0	0.0	0.0	0.0	0.01847696977695658	0.0	0.0	0.06458209999461816	0.0	0.0	0.0	0.0	18.54534480156934	0.0	0.42963428691187255	0.0	0.0	0.0	0.0	0.0	0.014904240256352933	0.0	0.0	0.0	0.009741366713749939	0.0	0.0	0.0	0.0	0.26949335249730505	0.0	0.0	0.0	0.03931369520653731	0.0	0.0	0.0	0.7489756163095318	0.0	0.098418021433258	0.0	0.020759809009757112	0.0	0.0412847824291966	0.0	0.0	0.0	0.0	0.0	0.0	0.0	0.0	0.0	0.06168080185042405	0.0	24.967251768404505	0.40192926045016075	0.0	0.0	0.0	0.0	0.0	0.0	0.0	0.010761173685343281	0.0	0.0	15.061929301148178	1.3126866844835718	0.0	0.0	0.0	0.0	0.0	0.0	0.0	0.0	0.0	0.0	0.0	0.29649595687331537	0.0	0.0	0.0	0.0	7.106757672067941	0.0	0.04941821285772047	0.0	0.0	0.0	0.0	0.057487783845932734	0.0	0.021609940572663425	0.03273215279368924	13.722139955196111	0.0	NA	0.017858737387266718	0.0	0.0	0.0	0.7524304168331336	0.0	0.0	0.0	0.0	0.056052315494461505	0.0	0.0	0.0	0.0	0.0	0.0831358856050214	0.0	0.0	0.0	0.0	0.0	1.0019497400346622	0.0	0.0	0.0	0.0	0.0	0.12829809784124505	0.0	0.0	18.77044448720416	0.0	0.0	0.05317606110412839	0.0	0.0	0.0	0.0	0.0	0.0	0.0	0.0	0.0	0.008548469823901521	0.0	0.0	0.0	0.0	0.0	0.012631047113805733	0.0	0.0	0.0	0.0	0.0	0.07362414872078042	0.0	0.0	0.0	0.3637732062217762	0.0	0.9542288240720124	0.0	0.0	0.033164495899662326	0.0	0.2625739644970414	0.0	0.0	0.0	0.0	0.0	0.0	0.004062728528479727	0.0	0.21927379492325416	0.0	0.0	0.0	0.0	NA
NA18525	0.005822077317186773	0.0	0.6064082602638695	0.0	0.0	1.6778343607611899	0.04168693114708539	0.0	0.052574507935464795	0.0761904761904762	0.0	0.0	0.0	0.0	6.596803377563329	0.0	0.0	0.027450980392156862	0.0	0.0	0.0	0.0450815976918222	0.0	0.0	0.0	0.026884129402276188	0.17303759635047977	0.0056782692635284765	0.0	0.028447703638145208	0.028551617245176818	0.0167973124300112	0.0	0.0	0.0	0.08302200083022	0.0	0.009771986970684038	0.0	40.5265365435544	0.05743825387708214	0.0	0.06396229590977949	0.032512772875058056	0.13647464444763682	2.9270031349893726	0.0	0.0	0.09090909090909091	0.013819789939192924	0.0	18.681379925319067	0.01180080245456691	0.0	0.0	0.23836850004414234	0.14933843075176967	0.04133427024345885	0.1527001862197393	0.0	0.0	0.0	7.075709634521026	0.0	0.0708215297450425	0.0	0.9595959595959596	0.0	0.0	0.016871941960519655	0.0	0.10432514670723755	NA	0.0	34.74394357559031	0.0	0.5404725992961287	0.0	0.0	NA	0.003964006818091727	0.02453643660836342	0.0	0.07732378316783331	0.0	0.06828269033799932	0.019138755980861243	0.0	0.08020708009770681	0.0	0.0	0.0	0.0	0.1419590346785642	0.0	0.021844554152649746	0.0	0.05488585774398797	0.0	0.0	0.1617832104979328	0.0	0.0	0.0	0.0	0.00721552781585973	0.0	0.03696402168555939	0.022668026748271564	0.03903581536059335	0.0	0.19507089161670949	0.0	0.0	0.0	0.0	30.894128113879006	0.0	1.5577007459412022	0.0	0.012355212355212355	0.0	0.01807909604519774	0.03377009320545725	0.21265284423179162	0.0	0.0	0.0	0.05474815847103325	0.0	0.0	0.0	0.0	0.038389821213118354	0.14575741801145237	0.0	0.010229830184818932	0.0	0.0	0.0	0.0	4.952836635611214	0.0	0.027490149363144874	0.1304801670146138	0.06674453529117304	0.0	0.0	0.0	0.009268699601445917	0.01552553951249806	0.0	0.0	0.0	0.07400971779772822	0.04741379310344827	0.024912805181863475	0.06770153295613908	0.0	48.810825521149766	1.5415821501014197	0.0	0.014409637165336175	0.11101243339253995	0.09703171172760552	0.0	0.0	0.05751612505648905	0.0	0.0	0.0	33.78578886629664	3.5255688218067136	0.06340707341130054	0.0	0.0	0.0	0.0	0.0	0.0	0.0	0.0	0.013614703880190607	0.12854082361342536	1.2409279419388284	0.0	0.0	0.0	0.08622176237282289	25.318471337579616	0.0	0.06239201382223075	0.10797560335016197	0.05343307507347048	0.020824656393169515	0.0	0.0	0.09081621069360882	0.0	0.004130865829477858	27.31892301858172	0.0	0.0	0.0	0.0	0.0	NA	3.496906582638435	0.0	0.0	0.0	0.049010598541934694	0.25250904110761596	0.0	0.0	0.0	0.0	0.0	0.09831552729894476	0.0	0.0	0.031783027863121094	0.0	0.014080540692762602	1.6882893719391703	0.0	0.009650646593321752	0.0	0.0	0.0	0.47158688988446124	0.011821262510836157	0.007523322299127295	53.18228105906314	0.0	0.029400955531054755	0.010643393113724656	0.16134236850596967	0.0	0.0	0.0	0.0	0.0	0.0	0.0	0.004051699688019124	0.21838713113880898	0.0	0.0	0.02199832812706234	0.0	0.0	0.009070294784580499	0.0	0.0	0.0	0.07434944237918216	0.0	0.0	0.0	0.0	0.0	0.10448107731599722	0.03740648379052369	2.1889317140571594	0.0	0.0	0.07654455986878075	0.0	0.7137094271706076	0.0	0.0	0.013504996848834067	0.0	0.0	0.0	0.0	0.028273435536566974	1.2040476495452799	0.0	0.0	0.0	0.03221130616846513	NA
NA18531	0.09519923840609275	0.0	0.273269294468367	0.0	0.0	1.4823261117445838	0.0	0.0	0.0	0.0	0.02055329469313931	0.04467419745995277	0.0	0.0	8.140055520730725	0.0	0.01375137513751375	0.08391021606880637	0.01410238330277817	0.0	0.03151591553734636	0.01703722633955192	0.0	0.0	0.0	0.07478033277248083	0.0	0.08203445447087777	0.0	0.014976785981728321	0.0	0.0	0.0	0.0	0.0	0.014703720041170416	0.0235393813850572	0.03252032520325203	0.0	25.048169556840076	0.04358627903935841	0.0	0.0	0.009761335350675972	0.2218764407561088	3.021240065354047	0.0	0.0	0.05712544748267195	0.0518480112584253	0.0	15.30015514977921	0.0	0.0	0.11471648639790233	0.23589104504183728	0.15045606996207253	0.0	0.045585777237501894	0.0	0.0	0.0	6.11142427658775	0.0	0.0	0.03389830508474576	0.6952595936794582	0.0	0.0	0.0	0.0	0.0782472613458529	NA	0.0	23.21030468169433	0.06950522576327035	0.322180916976456	0.0	0.013247372604433455	0.0	0.0	0.022449208665394547	0.0	0.02058375530031699	0.0	0.0	0.0	0.0	0.01707067258449983	0.0	0.0	0.0	0.0	0.0	0.05697599886048002	0.02042692268409764	0.0	0.027884928196309892	0.0	0.0	0.6123778501628665	0.0	0.0	0.0	0.0	0.048539762155165436	0.0	0.0	0.02047868936388071	0.05652620760534429	0.0	0.19329223696583428	0.0	0.0	0.0	0.0	25.583443416996914	0.017454037700721434	1.6205012247974375	0.0	0.0	0.0	0.015095858702762543	0.011226284474048573	0.01741856819369448	0.0	0.0	0.007246901949416625	0.04486568336043968	0.0	0.0	0.0	0.0	0.19913920472795013	0.0378000378000378	0.0164446637066272	0.0	0.010774701002047193	0.0	0.00987605550343193	0.0	2.7529194590473134	0.0	0.07433562534844824	0.05553087516659262	0.16252031503937991	0.0	0.0	0.0	0.0	0.08036001285760207	0.0	0.0	0.0	0.0	0.04245883851488418	0.015822784810126583	0.0	0.0	35.542607428987615	1.3491635186184565	0.0	0.0	0.17029080429656798	0.022725206799381874	0.0	0.0	0.0	0.0	0.0	0.0095297088673941	27.179426137010893	3.3406038342325792	0.006211180124223603	0.0	0.0	0.0	0.0	0.0	0.0	0.0	0.0	0.0	0.07067554037340244	1.0362509792749803	0.015884992653190898	0.0	0.0	0.10221465076660989	19.44223107569721	0.0	0.14077897700610043	0.02455871066768995	0.03556187766714083	0.0	0.0	0.040625634775543366	0.02104111433741531	0.0	0.0	20.738497171618192	0.0	0.0	0.0	0.0	0.027590012415505585	NA	2.760014852097859	0.0	0.0073773515308004425	0.0	0.0	0.07482326229423603	0.0	0.0	0.0	0.0	0.0	0.0	0.0	0.0	0.0036479042789917195	0.0	0.0	1.9027431421446386	0.0	0.0	0.0	0.05116096025186935	0.0	0.5766863215188234	0.06772314777190844	0.06310740880979426	46.80310002421894	0.020478165156401988	0.0	0.0	0.07481918696483499	0.0	0.0	0.0116663426015944	0.0	0.0	0.0	0.0	0.0	0.06064587860716632	0.0	0.0	0.030731407498463426	0.0	0.0	0.0	0.0	0.10309278350515465	0.0	0.13175230566534915	0.03569771177667511	0.0	0.0	0.0	0.0	0.40943103204856696	0.0	2.5657176450827244	0.006416426050689766	0.0	0.054040571998669774	0.07010983874737088	0.7220425138632163	0.01524003048006096	0.0	0.0	0.0	0.0	0.0	0.0	0.0	0.9105588947698933	0.0	0.0	0.04213938411669368	0.024679170779861793	NA
NA18544	0.0	0.0	0.5164878823996821	0.0	NA	2.1354451119606774	0.0	0.042484493159996604	0.0	0.011015035523489564	0.0	0.0	0.0	0.0	7.057382455479129	0.0	0.0	0.03131728322568018	0.006298022420959819	0.0	0.15223274695534506	0.0	0.0	0.0	0.0	0.10541754514620955	0.024146812620734065	0.03415300546448088	0.0	0.0343277992759955	0.0	0.0	0.05159958720330237	0.0	0.0	0.043333814820164664	0.03785625439402953	0.0	0.0	37.0	0.060702278670153154	0.008521516829995739	0.022369696517783907	0.0	0.0	1.888656572387014	0.0	0.0	0.0	0.0	0.0	19.168436347379007	21.482471309542525	0.0	0.05107578369405605	0.2788597733711048	0.0790603117235148	0.0	0.12632186811996968	0.0	0.0	0.0	7.612814330003445	0.0	0.0	0.0	0.6267409470752089	0.0	0.20345052083333334	0.0	0.0639269406392694	0.13752202501181832	NA	0.0	35.9061644342485	0.0	0.16850146034598967	0.0	0.09374581491897684	NA	0.0037837224261228195	0.003988194942968812	0.0	0.13935663685983046	0.0	0.0	0.0	0.0	0.03648702886123983	0.0	0.0	0.0	0.0	0.06509004122369277	0.026522853859075234	0.07865636422523481	0.0	0.047297164140866724	0.0	0.0	0.20507084265473527	0.0	0.0	0.0	0.0	0.0	0.0	0.0	0.0	0.11252621349291596	0.0	0.11722272317403065	0.0	0.0	0.0	0.0	31.22686409307245	0.0060357315306615155	2.384408044785403	0.0	0.0	0.0	0.0926885120767679	0.043672890053499294	0.0	0.0	0.0	0.0	0.24841291747170852	0.0	0.0	0.0	0.0	0.0728862973760933	0.0	0.11822660098522167	0.01890573600030249	0.020808767427342723	0.0	0.0	0.0	5.112125421710656	0.0	0.02339947585174092	0.0391491582930967	0.04424778761061947	0.0	0.0	0.0	0.0	0.0	0.0	0.0	0.0	0.06595063124175617	0.004778059152372306	0.02100068252218197	0.05415517920441119	0.0	45.84717607973422	2.4036054081121683	0.0	0.0	0.12086417887898473	0.0	0.0	0.0	0.0	0.0	0.0	0.0	31.56575086689784	3.4983853606027986	0.0	0.0	0.0	0.0	0.0	0.0	0.0	0.0	0.0	0.0	0.08563214875527556	1.0357848061800672	0.05622320612832947	0.0	0.0	0.39317123642007246	26.78241848383348	0.0	0.1698204754973314	0.06117398437282763	0.028551617245176818	0.0	0.0	1.9260080365802967	0.19419151598843482	0.021220909669661173	0.0	26.086234111489574	0.0	0.0	0.0	0.018124150430448575	0.06710408589322994	NA	4.164615132118825	0.0	0.0	0.05045726900031536	0.10752688172043011	0.1553092355807076	0.0	0.04238884702336096	0.021565667457407806	0.0	0.0	0.08885413704862098	0.0	0.0	0.0	0.0	0.0	1.3791820023985772	0.0	0.021240441801189464	0.0	0.044412144702842375	0.045175620223619324	0.3781543160497418	0.050333459166981245	0.21248774109186006	54.87165822897238	0.0	0.01735357917570499	0.02996553962942616	0.0	0.0	0.0	0.0	0.0	0.0	0.0	0.00978952520802741	0.0	0.14927023440955328	0.0	0.0	0.004103574213139644	0.0	0.0	0.0	0.0	0.10827979499025482	0.0	NA	0.03212722380627284	0.0	0.0	0.0	0.0	0.20173805090006208	0.0250501002004008	2.450646698434309	0.05210708004950173	0.0	0.0	0.0	0.5179083988518657	0.0	0.0	0.057820179242555655	0.0	0.0	0.0	0.010790978741771878	0.0	0.5836251459062864	0.0	0.0	0.0	0.04329004329004329	0.04877453969028168
NA18545	0.0	0.0	0.17279010549290652	0.0	0.0	1.5701785928323146	0.0	0.0	0.0	0.022104332449160033	0.0	0.0	0.026581605528973953	0.0	4.249163728415152	0.0	0.03675119441381845	0.058999727693564485	0.07794784580498866	0.0	0.01849796522382538	0.0	0.0	0.0	0.0	0.01602136181575434	0.02821670428893905	0.006341556217895871	0.0	0.0	0.0	0.0	0.0	0.0	0.0	0.0	0.0	0.01676937911373831	0.0	28.18235642391948	0.0	0.0	0.021920210434020166	0.0	0.26588945134734365	1.775072581877451	0.0	0.0	0.028077493883117408	0.0	0.0	13.546684262619598	0.0	0.0	0.0	0.2645752622129831	0.11687704534829359	0.048960940050048966	0.0	0.0	0.0	0.0	4.262420139219986	0.04061408496466575	0.0	0.0	0.484957341715312	0.0	0.0	0.0	0.0	0.02387774594078319	NA	0.0	25.32661317063466	0.026910656620021525	0.2109492717227524	0.0	0.07229264060918598	NA	0.0222637812806127	0.0	0.0	0.03942699434879748	0.0	0.060168471720818295	0.0	0.0	0.0	0.0	0.045100913293494194	0.0	0.0	0.044792833146696534	0.0	0.0	0.013185654008438817	0.030322720381199913	0.0	0.0	0.21008403361344538	0.0	0.0	0.0	0.0	0.0	0.0	0.0	0.0	0.050818746470920384	0.0	0.10155540114383452	0.0	0.0	0.0	0.2257336343115124	31.24574540503744	0.02355435166647038	1.9191402251791199	0.0	0.003369953494641774	0.0	0.0	0.0	0.0	0.0	0.0	0.01026694045174538	0.02369106846718787	0.0	0.0	0.0	0.0	0.09464575446187128	0.022274195344693173	0.0	0.03912516139129074	0.01647717910693689	0.0	0.0	0.0	4.909484037817442	0.0	0.05871703283260753	0.0	0.040598146017998514	0.0	0.0	0.0	0.021153947855518537	0.017041581458759374	0.0	0.0	0.0	0.07442489851150202	0.0	0.005693788077207766	0.0	0.0	37.620276930298054	0.9086050240513094	0.0	0.0	0.06511829824180596	0.0	0.0	0.0	0.0	0.0	0.008764241893076249	0.0	26.1986301369863	1.4028553693358163	0.0	0.0	0.0	0.0	0.0	0.0	0.0	0.0	0.0	0.042792517422667806	0.08715356458079135	0.7207626133457335	0.0	0.0	0.0	0.04920049200492004	16.114208688193127	0.04677268475210477	0.04143360265175057	0.03694002283565048	0.0	0.0	0.03529577862487646	0.0503651473180559	0.017921146953405017	0.0	0.018614174694029505	21.984844781227082	0.0	0.0	0.0	0.0	0.0	NA	2.750130958617077	0.0	0.03857429409041815	0.0	0.0	0.08568593848651573	0.0	0.041595174959704675	0.0	0.0	0.0	0.06316264380780509	0.0	0.0	0.0	0.0	0.0	1.3682149512868298	0.0	0.0	0.0	0.0	0.0	0.3657306413290715	0.07680491551459294	0.01706266262850318	47.102575488454704	0.0	0.0	0.011295606009262398	0.041390728476821195	0.0	0.0	0.0	0.0	0.0	0.0	0.0	0.0	0.07766758274584777	0.0	0.0	0.0	0.011648223645894	0.0	0.00518295843267337	0.0	0.059366754617414245	0.0	0.0	0.0	0.02960477623723294	0.04513105363652144	0.0	0.0	0.05543237250554324	0.0	1.5322236448997013	0.0	0.020530719088436074	0.04678860059549128	0.0	0.212803688597269	0.0	0.0	0.0	0.0	0.0	0.0	0.011035700491088672	0.0	0.7023332547725666	0.042610610041900435	0.0	0.0	0.0	NA
NA18549	0.012553351744915892	0.0	0.32964445490934774	0.0	0.0	1.380236305048335	0.0	0.0	0.01959183673469388	0.015075376884422112	0.0	0.0	0.0	0.0	5.379298859188942	0.0	0.07604562737642585	0.03084753605305776	0.0	0.0	0.0	0.026001040041601666	0.0	0.0	0.0	0.0	0.0	0.10083468713237353	0.020818586834325685	0.025109855618330193	0.027350160193795423	0.0	0.0	0.017154865548741263	0.0	0.07080785323463148	0.0	0.0	0.0	21.57073695535234	0.0	0.0	0.0	0.009184845005740528	0.0	2.9823778719607406	0.0	0.023263683275526605	0.05857849518354595	0.0	0.0	15.255986787778694	0.0	0.0	0.025306205081485976	0.05888043066829289	0.079064776642006	0.0	0.024488046772169335	0.0	0.007109847138286527	0.0	4.808319916452722	0.0	0.03401691126445719	0.0604295995165632	0.49318247751668115	0.0	0.0	0.0	0.0	0.1208354911099603	NA	0.0	24.14820109602097	0.05156257005783975	0.20791900198879046	0.0	0.0	0.0	0.03658715059271184	0.24799200503386756	0.0	0.05878030859662013	0.0	0.0	0.0	0.0	0.003569516330537212	0.0	0.02004008016032064	0.0	0.0	0.0	0.0	0.0	0.052487080103359174	0.15542961123642363	0.0	0.0	0.343955488113303	0.0	0.0	0.0	0.0	0.0	0.0	0.0	0.030573025856044725	0.0	0.0	0.2898678027142167	0.0	0.0	0.0	0.0	31.986222732491388	0.017718977024393127	2.069089600575747	0.0	0.04393673110720562	0.0	0.0	0.0	0.0	0.0	0.0	0.0	0.0	0.0	0.0	0.0	0.0	0.2519975414874001	0.1517992677917671	0.0	0.0	0.0	0.0	0.0	0.0	4.228041462084016	0.0	0.03232808386828615	0.011122233344455567	0.0878374421736839	0.0	0.0	0.0	0.0	0.025303643724696356	0.0	0.0	0.08123476848090982	0.05816089139218807	0.04158388393475951	0.010262199189286263	0.0	0.0	34.36952016578989	1.0526315789473684	0.0	0.0	0.0	0.035124692658939236	0.0	0.0	0.0	0.0	0.0	0.0	26.71015039620506	3.0884156539190544	0.0	0.04161118508655126	0.0	0.0	0.017049329393043874	0.0	0.0	0.0	0.0	0.0	0.06160480517480363	1.2316208268465663	0.014025737227813036	0.0	0.0	0.14353538699348573	17.26778479127266	0.0	0.11846656873430318	0.03492089075133639	0.0	0.0	0.0	0.3468326022646129	0.0	0.02042483660130719	0.022530496636518717	26.77965443374396	0.0	0.0	0.005317169139150316	0.0	0.0	NA	3.07502601055836	0.0	0.0	0.0	0.012029351617947793	0.18762126090015563	0.0	0.09994503023337165	0.0	0.0	0.0	0.2279202279202279	0.0	0.0	0.01414227124876255	0.0	0.09961813049975095	1.209514277804987	0.009767341915571097	0.0	0.0	0.007945967421533572	0.0	0.261519302615193	0.0	0.02767783005812344	49.11098675764607	0.0	0.0	0.004770309593092592	0.0	0.023589232825727988	0.0	0.0	0.0	0.0	0.0	0.0	0.0	0.2458460495083079	0.0	0.0	0.012015860936436095	0.005254584625085387	0.0324728040266277	0.027342325920524973	0.0	0.024405125076266018	0.0	0.019232618521011637	0.0	0.0	0.0	0.0	0.0	0.3156167150612297	0.0	2.64806065267553	0.0	0.0	0.07459463703820031	0.0	0.6600277906438166	0.009301892935212315	0.0	0.0	0.0182907311719786	0.0	0.0	0.005189144310103264	0.0	0.5731849144376142	0.0	0.0	0.0	0.06364359586316627	0.0
NA18550	0.04652244708071644	0.0	0.532565671104714	0.0	NA	2.835281415763038	0.0	0.0	0.0	0.02339728591483388	0.01800309653260361	0.0	0.0	0.0	5.368834570056744	0.0	NA	0.10750909692358583	0.01072271070126528	NA	0.0	0.0	0.0	0.0	0.0	NA	NA	0.030582598501452674	0.0	0.020919043302419636	0.0	0.0	0.0	0.0	0.0	0.03296867975423348	0.007911392405063292	NA	0.0	31.99520671060515	NA	0.0	NA	0.04477186698685335	0.0	2.2926912819007073	0.0	0.0	0.06982604207778013	0.0	0.0	22.784155548660667	0.0	0.0	0.05955603681645912	0.3673911362054296	0.1020259437399796	NA	0.034811668871405695	0.0	0.0	NA	7.833990187404488	0.0	0.061487461904507296	0.0	0.4983196198864294	0.0	NA	NA	0.0	0.164624808575804	NA	0.0	32.27311042427648	0.016453553967657013	0.3457906636520814	0.0	NA	NA	0.0	0.040783034257748776	0.0	0.031931878658861094	0.0	0.013825521913452233	0.03487445197289757	0.0	0.04342162396873643	0.0	0.0	0.0	0.0	0.03588731383455949	0.06443892110834944	0.028292544914415053	0.0	0.049657569675777447	0.0	0.0	0.31143258991360256	0.0730282375851996	0.0	0.0	0.0	0.06350214319733291	0.0	0.011913271384322134	0.044462125289588844	0.12463832628533274	NA	0.07598444553703124	0.0	0.0	0.0	0.1040943789035392	31.000505305709954	0.07024116132053383	1.4309076042518398	0.0	0.0	0.0	0.0	0.01256005275222156	0.0	NA	0.0	0.0	0.039547184734786696	0.0	0.0	0.0	0.0	0.2074815402453164	0.051313628899835796	0.0	0.0	0.0023944639992337716	0.0	0.02610966057441253	0.0	8.06198230244735	0.0	0.0885478158205431	0.0	0.09780232424347025	0.0	0.0	0.0	0.027973332090074132	0.013952839402818475	0.12422360248447205	0.0	0.0	0.04264846998613925	0.025071034598027744	0.05643075476134494	0.0	0.01423757771344502	41.789667896678964	3.0546009927453226	NA	0.0	0.1250142061597909	0.0	NA	0.0	NA	NA	NA	0.016852039096730706	38.65974471327872	10.183339660594084	0.0	0.0	0.0	0.0	0.0	0.0	0.0	0.0	0.0	0.03410059676044331	0.17056761110584667	1.5230000930549956	0.0	0.0	0.0	0.3358804265681417	26.106087338790893	0.0	0.13393087106578067	0.09358781656787953	0.0	0.0	0.0	0.05575689991636465	NA	0.133464863923867	0.03352080151960967	NA	0.0	0.0	0.0	0.0	0.0	NA	4.298364354127438	NA	0.0	NA	0.0	0.320954727301494	0.0	NA	0.0	0.0	0.0	NA	0.0	0.0	0.035053057582613685	0.0	NA	1.8912939747538282	0.0	NA	0.0	0.02771810685330192	0.0	0.49599169502278107	NA	0.21298882681564246	58.69804785894207	0.0	0.0	0.014817741776153314	0.012630249447426588	0.027566435108611755	0.0	0.0	0.0	0.0	0.0	0.03756574004507889	0.0	0.34831069313827934	0.0	0.0	0.02486737400530504	0.0	0.0	0.0	0.0	0.0	0.0	0.640861317610869	0.016875928176049684	0.0	0.018577576864724277	NA	0.0	0.21816511654610174	0.03104433130510369	2.370748299319728	0.0	NA	0.08066881783514226	0.0	0.5945303210463734	0.025475110816732052	0.0	0.05339265850945495	0.027665578487246167	0.0	0.0	0.0046219264189314106	0.0	1.3081172318551482	0.0	0.002596593269630245	0.0	0.0	NA
NA18557	0.05775187693600042	0.0	0.3313086692435119	0.0	NA	1.6519400691509798	0.014920919128618324	0.03367003367003367	0.0	0.0625782227784731	0.0	0.0	0.0	0.0	2.957306490801805	0.0	0.0	0.006950960970354152	0.011370743078060151	0.0	0.074393691414968	0.0	0.0	0.0	0.0	0.023283790601109862	0.0	0.0	0.0	0.0493020676054602	0.0	0.0	0.0	0.0	0.0	0.03095112816862175	0.0	0.02145265093472265	0.0	32.72035510462904	0.025968244546668646	0.00688041832943443	0.0	0.011878365536902122	0.0	1.739952312418104	NA	0.03398278205709108	0.027332361516034985	0.022838871759735067	0.0	17.555009870480042	0.0	0.023286275651288022	0.03310710147326602	0.08931691973127256	0.051284681265705935	0.03274394237066143	0.01912899317732577	0.0	0.0	0.0	3.705468843083522	0.011985377839036375	0.016216090995436326	0.0	0.6127693220003954	0.013633884748227597	0.0	0.0	0.0	0.04304778303917348	NA	0.0	19.96743635287152	0.012402844385645775	0.1759656652360515	0.0	0.05573553488696137	0.0	0.023089355806972987	0.006390797251957182	0.0	0.0	0.0	0.0	0.0	0.0	0.00933125972006221	0.0	0.0	0.0	0.0	0.0	0.0	0.03634216145005224	0.0	0.0	0.0	0.0	0.10070493454179255	0.0	0.0	0.0	0.0	0.0	0.0	0.0	0.0	0.032813012703323485	0.0	0.09701887458105486	0.0	0.017295053614666205	0.0	0.0	27.224627224627223	0.04417394718759203	1.400751622822002	0.0424868998725393	0.034904013961605584	0.0	0.0	0.0	0.19817677368212444	0.011890606420927468	0.0	0.0	0.022514409221902017	0.0	0.0	0.0	0.0	0.040525675910380365	0.07637752318603383	0.0	0.0	0.010411894548332015	0.0	0.0	0.0	3.0902348578491967	0.0	0.021033148241628805	0.024571533878002334	0.016869095816464237	0.0	0.045433893684688774	0.0	0.0	0.0	0.0	0.0	0.006684045184145445	0.0	0.038375930616317444	0.0	0.0386230869502245	0.04263786242183058	38.03767219567051	1.0153762583286756	0.0	0.0	0.06332320162107397	0.04593669088783095	0.0	0.0	0.0	0.0	0.021246458923512748	0.0	24.050965453828976	2.796957284961966	0.024984384759525295	0.0	0.0	0.0	0.0	0.0	0.0666736118345661	0.0	0.0	0.02957704821058858	0.0	0.7458798365645652	0.0	0.0	0.0	0.11439902379499695	12.996088657105606	0.045871559633027525	0.01410238330277817	0.03179650238473768	0.0	0.0	0.0	0.0	0.05960102373523122	0.0	0.011029006286533584	20.003623844899437	0.0	0.0	0.0	0.0	0.0	NA	2.0317079669597655	0.0	0.0	0.010484927916120577	0.0	0.08922552246500377	0.013763677654669328	0.0	0.0	0.0	0.0	0.06600147532709555	0.0	0.0	0.017800984987835992	0.0	0.0	0.9274973359119075	0.00929903847942123	0.0	0.0	0.01307787876806382	0.025123260999277704	0.30055574458432577	0.08791852882995091	0.04932587964485367	46.7336330429896	0.0	0.0	0.0	0.0	0.0	0.0	0.025016417023671782	0.0	0.0	0.0	0.0	0.0	0.176089853417095	0.0	0.025736051060325303	0.0	0.0	0.0	0.0275027502750275	0.0	0.028671368771145133	0.0	NA	0.0	0.0	0.021510580516791698	0.0	0.0	0.26482440990213013	0.0	1.345059493016037	0.0	0.0	0.0	0.0	0.34994491607802475	0.0	0.0	0.0	0.019355463079454176	0.0	0.0	0.004466080121477379	0.0	0.9106953759265796	0.0	0.0	0.0	0.0	0.0
NA18561	0.0	0.0	0.4148102627131664	0.0	NA	1.1243221730262176	0.0	0.0	0.0	0.0	0.028812216379745015	0.018474043968224645	0.0	0.0	3.816144133919705	0.0	0.045889101338432124	0.0	0.012554139727575167	0.0	0.0	0.0	0.0	0.0	0.0	0.051686871534630204	0.0	0.0	0.0	0.019024668653687616	0.0	0.01668799020971241	0.0	0.0	0.0	0.07080329557157569	0.0	0.0	0.0	19.693978282329713	0.07714726555803189	0.014674052606478593	0.00739781764379508	0.0	0.0	1.547250104075119	0.0	0.006671262425226267	0.0	0.035832019492618605	0.12703252032520324	16.619411123227916	0.0	0.0	0.0	0.13994910941475827	0.18341787751124866	0.06678242286630158	0.11331067119909352	0.0	0.0	0.0	4.231715680342087	0.0	0.0	0.0	0.5329876116392971	0.0	0.0	0.0	0.0	0.04867561757189794	NA	0.11844411806509689	19.447385113597317	0.0	0.3239694786649047	0.0	0.0	0.0	0.0	0.016909029421711193	0.0	0.04753025483528939	0.0	0.0	0.03004356316659156	0.0	0.03580507715994128	0.0	0.0	0.0	0.0	0.09867771857114663	0.04126433935792688	0.10775378260674359	0.0	0.009432538484757018	0.0	0.0	0.3091652538147003	0.0	0.0	0.0	0.014146272457207527	0.0	0.0	0.022862368541380886	0.0	0.009222965183306434	0.0	0.12098400322624009	0.0	0.07123775601068566	0.0	0.0	28.721418572095192	0.0	2.752779248279513	0.0	0.0	0.0	0.0	0.0	0.22935779816513763	0.0	0.0	0.0	0.0	0.0	0.0	0.0	0.0	0.05200508494163874	0.0	0.0	0.0	0.00869187309865276	0.0	0.0	0.0	4.475314298280981	0.0	0.17075306479859895	0.0	0.0	0.0	0.040689000406890004	0.0	0.0	0.014823599169878446	0.0	0.0	0.0	0.22622972012151768	0.05181123440265964	0.0	0.009464767403341063	0.0	34.060606060606055	1.2519561815336464	0.0	0.04261847937265598	0.24509803921568626	0.0	0.0	0.0	0.0	0.0	0.0	0.0	27.572766388256138	3.3069734004313442	0.0	0.0	0.0	0.0	0.0	0.0	0.0	0.0	0.0	0.054652953743727334	0.10187251382555544	1.096346558602708	0.0	0.0	0.0	0.15236160487557138	15.570986872117187	0.0	0.12696552397695088	0.08983258472846059	0.0	0.0	0.0	0.07029053420805999	0.01550567895491724	0.0	0.0	18.78289740059924	0.0	NA	0.0	0.0	0.0	NA	2.799041585256458	0.0	0.0	0.0	0.0	0.0887945597089271	0.0	0.0	0.0	0.0	0.0	0.13817456052813387	0.0	0.0	0.02873746727121783	0.0	0.0	1.248763600395648	0.0	0.024937655860349125	0.0	0.0	0.0	0.23472765573277157	0.046606219811880345	0.021666907410082332	51.01619014812263	0.013085008941422777	0.0	0.0	0.013198706526760376	0.0	0.0	0.0	0.0	0.0	0.0	0.09186251243971523	0.0	0.08667720389537552	0.006635920236238761	0.0	0.011802195208308747	0.0	0.023364485981308414	0.0	0.0	0.005674080798910576	0.0	0.134126917595775	0.0	0.0	0.0	0.0	0.0	0.40299366724237184	0.047539814594723076	1.4864864864864866	0.005661872947571056	0.0	0.21656548443213688	0.0	0.2607923648873599	0.04235941967595044	0.0	0.0	0.0	0.0	0.055031446540880505	0.0	0.0	0.4854000758437618	0.0	0.0	0.0	0.0	0.0
NA18563	0.0	0.0	0.19347349413130402	0.0	0.0	1.4512471655328798	0.0	0.016121231662098983	0.0	0.018650627127337158	0.0	0.006216199415677254	0.0	0.0	3.168854685377999	0.0	0.0	0.04291661302090039	0.0	0.0	0.0	0.0	0.0	0.0	0.0	0.0	0.0	0.032575058363646235	0.0	0.0	0.0	0.0	0.0	0.0	0.0	0.0	0.0	0.0	0.0	11.962873839807495	0.0	0.0	0.0	0.0	0.0	0.8777658768515374	0.0	0.0	0.04075810067250866	0.019073049780659927	0.0	9.080282989849277	0.0	0.0	0.005328218243819267	0.06457266731239335	0.1566646417495284	0.0	0.11742936445804568	0.0	0.0	0.0	2.7627403397423933	0.0	0.08904463721491354	0.0	0.4354037689638751	0.012990949638418568	0.0	0.0	0.0	0.07608306480486932	NA	0.0	21.4686598478888	0.0	0.1855287569573284	0.0	0.0	0.0	0.04716125521494649	0.0	0.024084778420038536	0.0	0.0	0.0	0.0	0.28305701577031944	0.010628875110717449	0.0	0.009922111425311306	NA	0.0	0.0	0.0	0.028434671342590402	0.0	0.031231874358631152	0.0	0.0	0.2602739726027397	0.0	0.0	0.0	0.0	0.006942997986530584	0.0	0.0	0.029848518767256176	0.09577626664112633	0.0	0.2130573733069548	0.0	0.0	0.0	0.0	14.368389543005389	0.0	1.3425321648331159	0.0	0.0	0.0	0.0	0.0	0.0	0.0	0.0	0.0	0.0	0.0	0.0	0.0	0.0	0.0523712540005819	0.04339100721375495	0.0	0.0	0.06499837504062399	0.0	0.0	0.0	2.7699100299900032	0.0	0.025695051133151754	0.005078204346942921	0.13048164747262722	0.0	0.0	0.0	0.009462976105985333	0.0	0.0	0.14295925661186562	0.0	0.0	0.014594279042615295	0.08058481551833305	0.0	0.0	35.82953349701859	0.4530477759472817	0.0	0.009503294475418145	0.0	0.0	0.0	0.0	0.0	0.0	0.0	0.0	23.644701906830797	2.2077085824671143	0.0	0.0	0.0	0.0	0.11931750387781886	0.0	0.0	0.0	0.0	0.03541613964077915	0.020632382524372002	0.8218057414844564	0.0	0.0	0.0	0.13764624913971094	12.035685320356853	0.0	0.07163323782234957	0.03549646648810868	0.0	0.0	0.0	0.030946977511863007	0.032881216605014384	0.013089005235602096	0.0	22.220418763187794	0.0	0.0	0.0	0.0	0.018209408194233688	0.0	1.3406493765989882	0.0	0.0	0.0	0.006140243153628883	0.07015609731652928	0.0	0.009720062208398134	0.0	0.0	0.0	0.04614497212074601	0.0	0.0	0.0	0.0	0.0	0.822718242374664	0.0	0.007170257770766859	0.0	0.016536442184464012	0.0	0.36229732137554194	0.04619519569964724	0.012914890869172154	39.91398446170921	0.05353579597994841	0.007275372862859222	0.0	0.023037935800952234	0.0	0.0	0.0	0.0	0.0	0.0	0.01522185858893371	0.0	0.04371903235208394	0.0	0.0	0.0	0.0	0.06718423409973126	0.09662384903944526	0.0	0.016901408450704224	0.0	0.0	0.0	0.0	0.0	0.0	0.0	0.0	0.02415604807053566	1.6541197596519095	0.017612869136382315	0.0	0.042343521441219494	0.0	0.40645243236377493	0.0	0.0	0.01475869533133271	0.0	0.0	0.0	0.0	0.0	0.6960758722700774	0.0	0.0	0.0	0.0	NA
NA18566	0.05923532579429187	0.0	0.49845076114778386	0.0	0.0	0.995732574679943	0.0	0.0	0.009504197687311896	0.06994841304537903	0.0	0.0	0.0	0.0	3.2586408904510837	0.0	0.0	0.07226477814713109	0.015182954602965737	0.0	0.0	0.0077279752704791345	0.0	0.0	0.0	0.0	0.0	0.042735042735042736	0.021292451825827743	0.0	0.0	0.0	0.0	0.0	0.0	0.0	0.0	0.0	0.0	24.641460234680572	0.02200704225352113	0.0	0.02225024104427798	0.0	0.0	1.5760441292356184	0.0	0.0	0.06591760299625468	0.0	0.0	15.978555242358924	0.005977286312014346	0.0	0.0	0.09149130832570906	0.15711359874309122	0.0	0.09760694692201541	0.0	0.0	0.0	3.096147428529052	0.0	0.0	0.0	0.3123837857939754	0.00406520590267897	0.0	0.0	0.0	0.02650912671362569	NA	0.0	23.45411376071023	0.014407739014099	0.10843725236685156	0.0	0.0	0.0	0.0	0.0	0.03017615329485874	0.07455352604290216	0.0	0.01961681815209573	0.0	0.32232070910556004	0.02773583161268452	0.0	0.0	NA	0.0	0.13114754098360656	0.0	0.0	0.0	0.007307671227871459	0.0	0.0	0.48254079663098787	0.0	0.0	0.0	0.0	0.020358306188925084	0.0	0.0	0.013164245908113563	0.12799726939158632	0.0	0.0833364900185613	0.0	0.019000570017100513	0.0	0.3675344563552833	26.053169734151325	0.0	1.3329778725673154	0.0	0.03164556962025317	0.0	0.0	0.0	0.0	0.0	0.0	0.0	0.05839416058394161	0.0	0.0	0.03403675970047651	0.0	0.04866180048661801	0.025949312343222904	0.0	0.0	0.0	0.0	0.0	0.0	1.8536358502474835	0.0	0.012504689258471927	0.03325889675488193	0.01719296234741246	0.0029334976091994485	0.0	0.0	0.0	0.009213617727000507	0.03417051084913719	0.4039497307001795	0.03425126729688999	0.0	0.03041891187206675	0.01336838821799385	0.0	0.0	36.349036402569595	0.8791208791208791	0.0	0.10725979451281471	0.0	0.028107934468358495	0.0	0.0	0.0	0.0	0.0	0.0	24.51643072737321	3.279968762202265	0.0	0.0	0.0	0.0	0.0	0.0	0.0	0.0	0.0	0.0	0.06034162643891571	0.8881687520628919	0.011760209331726106	0.0	0.0	0.0	12.702498107494323	0.0	0.041685965724872626	0.05428600971978079	0.0	0.0	0.0	0.0	0.0	0.0	0.055234377876790516	16.01739647609843	0.0	0.0	0.0	0.0	0.0	NA	1.636369860668926	0.0	0.0	0.0	0.06335310718193861	0.034090681212023986	0.0	0.0	0.0	0.0	0.0	0.013742870885728028	0.0	0.0	0.0	0.0	0.0	0.8939225401961775	0.0	0.024621878297572987	0.0	0.027332672793740815	0.0	0.12491483079718373	0.0	0.05267778753292361	45.60309943472998	0.0	0.0	0.0	0.0	0.0	0.0	0.0	0.0	0.0	0.0	0.0	0.0	0.18675477661255566	0.02402370338734218	0.0	0.0	0.0	0.0	0.04959870141581748	0.0	0.096411355115158	0.0	0.10332220632649816	0.0	0.0	0.0	0.0	0.0	0.0	0.0	1.575351132481336	0.0	0.0	0.01589067217543302	0.0790722192936215	0.17909378544564503	0.05937921727395412	0.0	0.0	0.0	0.0	0.0	0.0	0.0	0.3576672565038967	0.0	0.0	0.0	0.0	NA
NA18574	0.0	0.0	0.4179950407368048	0.0	NA	1.086175821780359	0.0	0.0	0.0	0.0	0.0	0.0	0.0	0.0	2.933082271147161	0.0	0.0	0.0	0.07637624111391811	0.0	0.029513034923757994	0.0	0.0	0.0	0.0	0.0	0.0050431186645821776	0.05228211428870183	0.0	0.0	0.029197080291970805	0.0	0.0	0.0	0.0	0.03585407391914906	0.0	0.0	0.0	12.918814432989691	0.0	0.0	0.0	0.034725236565674104	0.0	1.1233167166670426	0.0	0.0	0.1192343897081895	0.0	0.0	12.449450782117568	0.06329113924050633	0.0	0.0	0.01967884130982368	0.08825638479783772	0.0	0.04548211036992116	0.0	0.0	0.0	3.6896252530678013	0.03407387215483167	0.0	0.0333000333000333	0.3815469996531391	0.0	0.0	0.0	0.0	0.05556217009961503	NA	0.0	16.544251705995727	0.028661507595299514	0.17664799655320984	0.0	0.0	NA	0.0	0.0	0.00714107187488842	0.0	0.0	0.0	0.0	0.0	0.0	0.0	0.0	0.0	0.0	0.0	0.0	0.11047689191677407	0.0	0.05443340655922549	0.0	0.0	0.19294589797020917	0.0	0.0	0.0	0.0	0.0	0.0	0.0	0.0	0.0	0.0	0.08153651023736184	0.0	0.03144159723313945	0.0	0.3739930955120829	15.680933852140077	0.0	0.7671721677074042	0.0	0.0	0.0	0.0	0.0	0.013871549452073797	0.0	0.0	0.018634697807317226	0.0	0.0	0.0	0.0	0.0	0.15299517476756502	0.0	0.0	0.0	0.004367289005349929	0.0	0.0	0.0	2.701407827817498	0.0	0.04240882103477523	0.06515870799590431	0.04841572973263758	0.0	0.0	0.017085839256424276	0.0	0.0	0.0	0.0	0.006702412868632709	0.0	0.0	0.0	0.0	0.02508277315139962	30.869157626891656	0.3442879499217527	0.0	0.0	0.02957121734844751	0.024934546814611644	0.0	0.0	0.0	0.0	0.0	0.0	24.5054062986921	2.576150356448477	0.0	0.0	0.06298022420959819	0.0	0.0	0.0	0.004238814827374267	0.0	0.0	0.014906091622776509	0.009325748391308402	0.7534029756251979	0.03619969065718893	0.0	0.0	0.25885276454752537	10.945299774052861	0.0	0.09304056568663938	0.0327931571612057	0.0	0.0	0.0	0.01584534938995405	0.0	0.06563402467839327	0.05517868155409134	17.005661240635703	0.0	NA	0.13354208878246454	0.0	0.0	0.0	1.3848274007596382	0.0	0.0	0.0	0.0	0.03706907203756332	0.0	0.0	0.0	0.0	0.0	0.10167029774872911	0.0	0.0	0.003408432461910767	0.0	0.0	0.7232110570934951	0.0	0.0	0.0	0.0	0.0	0.16142050040355124	0.08576635814601723	0.0	41.50581847754549	0.0	0.0	0.0	0.0	0.0	0.0	0.0	0.0	0.0	0.0	0.0	0.0	0.06406423507303323	0.0	0.0	0.0	0.0	0.0	0.0	0.0	0.005455537370430988	0.0	0.0	0.0	0.0	0.0	0.0	0.0	0.2610656224041771	0.033311125916055964	1.370710089662991	0.0	0.0	0.0	0.0	0.48074104473236795	0.0	0.0	0.05617977528089888	0.0	0.0	0.0	0.008445589290992778	0.0	0.45654655144301326	0.0	0.0	0.037896731406916156	0.05079117015042	NA
NA18582	0.0	0.0	0.3146678109132518	0.0	NA	0.8425398951009931	0.0074827895839568994	0.0	0.024826216484607744	0.012924906294429366	0.0	0.03851444291609353	0.0	0.0	3.5761011774967293	0.0	NA	0.0034268873582125356	0.0	NA	0.0	0.0	0.0	0.0	0.0	NA	NA	0.031180169412253805	0.0	0.0	0.0	0.0	0.0	0.0	0.0	0.08386107978369625	0.0	NA	0.0	15.907019143117592	NA	0.0	NA	0.0	0.0	0.8793446568241773	0.0	0.010524100189433803	0.015595757953836557	0.0	0.0	14.031929508740348	0.03380853101932721	0.0	0.0	0.061647213545947724	0.07092585520213869	NA	0.08094020137922103	0.0	0.0	NA	1.7961587920521012	0.0	0.0	0.0	0.2308549594013692	0.0	NA	NA	0.0	0.08724100327153762	NA	0.0	25.672013873834814	0.004609888210210903	0.15616633946100306	0.0	NA	NA	0.0	0.05349119178375294	0.0	0.0	0.0	0.0	0.040268456375838924	0.290065264684554	0.01898373726507625	0.0	0.0	NA	0.0	0.0	0.0	0.06856540084388187	0.0	0.0	0.0	0.0	0.1348098218584497	0.0	0.0	0.0	0.0	0.012691160606637476	0.0	0.029612081729345572	0.03458532198934772	0.0	NA	0.015047399307819632	0.0	0.0	0.0	0.0	21.28877400295421	0.01886673794101	1.3205828779599271	0.0	0.0	0.0	0.011927955150888632	0.0	0.07004763239002522	NA	0.0	0.029493691627068653	0.03780718336483932	0.0	0.0	0.0	0.0	0.426049908703591	0.08935098692226465	0.0	0.0	0.0	0.0	0.027895299642010322	0.0	2.4961116801335304	0.0	0.004522022248349461	0.018906272155787683	0.037007665873645255	0.0	0.0	0.0	0.0	0.0	0.0	0.0	0.0	0.0	0.0	0.00975943004928512	0.0	0.0	36.63767956040044	0.3416467372736591	NA	0.024405125076266018	0.0	0.0	NA	0.0	NA	NA	NA	0.0	20.857399563599024	1.9446942446043165	0.0	0.0	0.0	0.0	0.0	0.0	0.0	0.0	0.0	0.0	0.02460024600246002	0.5314232902033271	0.01226279162451332	0.0	0.0	0.14223402237815286	14.631313131313131	0.0	0.0815856409271968	0.01552312946289972	0.018169264871543297	0.0	0.0	0.20676536266644613	NA	0.0	0.0	NA	0.0	NA	0.04857434303201049	0.0	0.0	NA	1.2413842878279382	NA	0.0	NA	0.0	0.02329481923220276	0.0	NA	0.0	0.0	0.0	NA	0.0	0.0	0.0	0.0	NA	0.8940368184620805	0.0	NA	0.0	0.0	0.0	0.32105162274564936	NA	0.053463682883983815	29.405755150689593	0.0	0.0	0.0	0.0	0.0	0.0	0.0	0.0	0.0	0.0	0.0	0.0	0.14019536903039073	0.0	0.0	0.0	0.0	0.0	0.0	0.0	0.0	0.0	0.0	0.0	0.0	0.0	NA	0.0	0.3488227233088327	0.03288211760837398	1.4251460605855932	0.004892607270414404	NA	0.0	0.0	0.3120312031203121	0.0	0.0	0.0	0.0	0.0	0.0	0.0	0.0	0.7934850699519732	0.0	0.0	0.0	0.06174857433438669	NA
NA18599	0.0	0.0	0.15881839116969745	0.0	NA	1.2843938091143594	0.0	0.0	0.0	0.019372336303758234	0.0	0.027751567963589942	0.0	0.0	3.4538653366583545	0.0	0.006766357669666418	0.0367962713111738	0.03728560775540641	0.0	0.0	0.0	0.0	0.0	0.0	0.17761255679471294	0.0	0.0	0.023030861354214647	0.0	0.0	0.0	0.0	0.0	0.0	0.04068466478742262	0.0	0.08094544277157197	0.0	34.6961953435548	0.0	0.0	0.0	0.0	0.0	1.8308724832214764	NA	0.0	0.018163104680026642	0.0	0.0	15.56420233463035	0.0	0.0	0.0	0.08293683705094068	0.2919751083846993	0.11408083441981746	0.12321519170834239	0.0	0.0	0.0	3.30498484338161	0.0	0.0	0.0	0.3890274314214464	0.0	0.0	0.013033278303936049	0.0	0.037268623959584246	NA	0.04620834830826103	24.558849722181744	0.0	0.05685279187817259	0.0	0.01845222718382109	NA	0.0	0.06265882271034219	0.007982438635002993	0.019701327869498405	0.0	0.0	0.0	0.09220839096357768	0.02027437994188011	0.0	0.012988137501082346	0.0	0.0	0.0	0.08008153756552125	0.02189022054397198	0.0	0.0	0.0	0.0	0.23485204321277595	0.0	0.0	0.0	0.0	0.0	0.0	0.023097355352812102	0.0	0.10709765358777139	0.0	0.14425985387872864	0.0	0.0	0.0	0.0	26.223040504997368	0.020648358455502787	1.55257586450247	0.0	0.01450158067229328	0.0	0.01631986944104447	0.0	0.0	0.0	0.0	0.0	0.019734570033055406	0.0	0.0	0.0	0.0	0.06985867053576227	0.10131712259371835	0.0	0.0	0.025361399949277198	0.0	0.0	0.0	3.1669232460963275	0.0	0.0	0.020688941760628944	0.020979754536871918	0.0	0.0	0.0	0.029886431560071723	0.015959993616002553	0.0	0.0	0.0	0.0	0.0	0.07888379431050634	0.053928706250337057	0.0	46.40786488530376	1.0022779043280183	0.0	0.0	0.0	0.0	0.0	0.0	0.0	0.0	0.0	0.0	33.76050121030899	3.82640586797066	0.028399006034788784	0.0	0.0	0.0	0.021015025743406537	0.0	0.0	0.0	0.0	0.0	0.0	0.5936861944400817	0.0	0.0	0.0	0.07057163020465773	13.347878525663448	0.0	0.167276529012023	0.039477765558469394	0.0	0.0	0.0	0.09108505066605943	0.0	0.0	0.0	22.260718925941966	0.0	0.0	0.0	0.0	0.0	NA	1.777155077059214	0.0	0.0	0.033178500331785	0.0	0.07254788160185723	0.0	0.012772479564032697	0.0	0.0	0.0	0.10719262514738985	0.0	0.0	0.0423149534535512	0.0	0.0	0.9361765361468162	0.0	0.042105263157894736	0.0	0.035464765755222186	0.0	0.07303077725612937	0.1378180057362089	0.18441157653080426	41.568656277565424	0.0	0.0	0.0	0.0	0.011574074074074075	0.0	0.0	0.0	0.0	0.0	0.0	0.0	0.01636750504664739	0.0	0.0	0.0	0.0	0.0	0.017632797002424507	0.02500267885844912	0.020821404403727033	0.0	0.047475866434562426	0.0	0.0	0.0	0.0	0.0	0.24104683195592286	0.12977054208694627	1.3532722286005296	0.0	0.0	0.0362476439031463	0.0	0.5371483273945648	0.0	0.0	0.0	0.0	0.0	0.0	0.0	0.0	0.3713177654922023	0.0	0.0	0.0	0.03132218785482166	NA
NA18605	0.07547169811320754	0.0	0.23597079861367157	0.0	0.0	1.734670086267195	0.019022256039566292	0.0	0.0	0.0	0.0	0.04153809636838358	0.0	0.0	4.419803217241918	0.0	0.0	0.0	0.08186655751125665	0.0	0.08401008120974517	0.0	0.008660258075690656	0.0	0.0	0.07095433581673509	0.0	0.0	0.0	0.013759889920880633	0.028607187555873412	0.0	0.016025641025641024	0.0	0.0	0.057579731934359106	0.02228064702998975	0.014965019267462305	0.0	25.070422535211268	0.0737803190998801	0.0	0.011883070585439278	0.0	0.0	1.0916918661268002	0.0	0.02528658125421443	0.024510662138030045	0.0	0.0	15.428311530274488	0.023849272597185785	0.0	0.0447516284620357	0.09994234095714011	0.18633367633562312	0.0	0.06332008301966441	0.0	0.0	0.0	3.9833860759493667	0.0	0.0	0.027870680044593088	0.34761796216093005	0.0	0.0	0.0102014792144861	0.0385951370127364	0.015438650661932148	NA	0.0	20.962768387391503	0.0328522820603074	0.10456446626659394	0.0	0.12504311831666093	NA	0.11788108745303175	0.02962572829915402	0.01160496692584426	0.025052789807093516	0.0	0.0	0.0	0.0	0.0	0.0	0.0	NA	0.0	0.03349522693016245	0.08759306763436152	0.0	0.0	0.03701561596298439	0.0	0.0	0.3016759776536313	0.4273504273504274	0.0	0.0	0.0	0.0	0.0	0.05255413075467731	0.0	0.009040365230755323	0.0	0.06260869565217392	0.0	0.0	0.0	0.0	25.593667546174142	0.018687222611539357	1.1656542439665079	0.0	0.011139268707009384	0.0	0.0	0.0	0.0	0.020307317403371015	0.0	0.0	0.04462072384729796	0.0	0.0	0.0	0.0	0.1477279442179283	0.0	0.0	0.006728343145500421	0.0	0.0	0.031280722137813924	0.0	1.9096072760218838	0.0	0.01718729858634469	0.024315518163692068	0.0	0.0	0.0	0.0	0.014553216260793634	0.0	0.10871534698314912	0.0	0.0	0.0	0.025080466496676838	0.0	0.0	0.0	39.020825721592985	1.263616557734205	0.0	0.0	0.0	0.02770850651149903	0.0	0.0	0.0	0.0	0.0	0.0	23.54113019182898	2.64366642849852	0.0	0.0	0.04825090470446321	0.0	0.0	0.0	0.0	0.0	0.0	0.0	0.055096418732782364	1.0234980620155039	0.0	0.0	0.0	0.20258863252673046	17.216411906677394	0.0	0.13186013731641885	0.0463989276692272	0.0	0.0	0.0	0.01816365452729089	0.008517887563884156	0.0	0.0	22.654643043764153	0.0	NA	0.0	0.0	0.0	0.0	2.606524633821571	0.0	0.0	0.0	0.0	0.10666798968049217	0.0	0.0	0.0	0.0	0.0	0.0	0.0	0.0	0.022815423226100844	0.0	0.0	1.1809039195449198	0.0	0.0	0.0	0.017234247897421756	0.024541598008624616	0.36244800950683304	0.050628638933423335	0.13699617852765159	48.31732926500942	0.01380135253254819	0.0	0.0	0.0	0.0	0.0	0.0	0.0	0.0	0.0	0.0	0.011503067484662576	0.0718311415626036	0.0	0.0	0.01761245552854979	0.0	0.010092854259184497	0.04311273981461522	0.0	0.0	0.0	NA	0.0	0.0	0.0	0.0	0.0	0.0	0.1595608884350268	1.0977818017202354	0.0	0.0	0.09506707510298934	0.0	0.13482679941920764	0.14497130776200542	0.0	0.015062509414068384	0.0	0.0	0.0	0.0	0.0	0.5498533724340177	0.0	0.0	0.0	0.0	0.021937040693210487
NA18614	0.0	0.0	0.06871907641561298	0.0	0.0	0.9337649402390439	0.0	0.0	0.02537887027771735	0.03439972480220158	0.0	0.0	0.0	0.0	2.3551204022228105	0.0	0.0	0.07274594548333263	0.0	0.0	0.0	0.0	0.0	0.0	0.0	0.0	0.04428452809299751	0.0	0.0	0.0	0.0	0.0	0.0	0.0	0.0	0.003422547744541036	0.0	0.0	0.0	13.847502191060473	0.0	0.0	0.0	0.0	0.0	1.5	0.0	0.01868709789369711	0.027597626604112045	0.0	0.0	8.689663432746435	0.0	0.0	0.03802642836771556	0.0747838279971956	0.18122977346278318	0.0	0.0	0.0	0.0	0.0	3.260286007125775	0.0	0.0	0.0	0.541954774808447	0.0	0.0	0.0	0.0	0.21298120440871093	NA	0.0	15.292353823088456	0.04065276729194495	0.1114930781380656	0.0	0.13275349050125887	0.0	0.14289213684984076	0.18622641594010753	0.04073135409123824	0.0	0.0	0.0	0.0	0.1463271875914545	0.0	0.0	0.0	0.0	0.0	0.0	0.012070006035003017	0.03452698036894545	0.0	0.0	0.0	0.0	0.1009809578765147	0.0	0.0	0.0	0.0	0.0	0.0	0.0	0.0	0.0	0.0	0.12927412578372438	0.0	0.0	0.0	0.0	15.55859137826351	0.0	1.0513447432762837	0.0	0.0	0.0	0.0	0.0	0.0	0.0	0.0	0.0	0.18742887743490194	0.0	0.0	0.0	0.0	0.1551590380139643	0.0	0.0	0.0	0.09917461129950733	0.0	0.0	0.0	1.8620567060705715	0.0	0.07557762902180955	0.0	0.06558941029157474	0.0	0.04112264829855043	0.0	0.0	0.0	0.04201680672268908	0.0	0.0	0.0	0.0	0.0	0.0	0.0	30.762771168649405	1.4725568942436411	0.0	0.0	0.13702384214853383	0.0	0.0	0.0	0.0	0.05427899402931065	0.0	0.0	12.393263757115749	2.7118297175603767	0.0	0.0	0.0	0.0	0.0	0.0	0.00951444610066284	0.0	0.0	0.0	0.005363080553469913	0.8191902167522439	0.0	0.0	0.0	0.01621796951021732	9.224020054694622	0.03897116134060795	0.056014563786584516	0.0423908435777872	0.0	0.0	0.0	0.07124762507916403	0.0	0.16484810424680116	0.0	18.093891343780065	0.0	NA	0.0	0.0083166999334664	0.0	0.14392630972941853	1.2035718907726156	0.0	0.0	0.0	0.043410852713178294	0.0	0.0	0.0	0.0	0.0	0.0	0.035307617618501194	0.0	0.0	0.0	0.0	0.0	0.6387832699619772	0.0	0.023038820412394884	0.0	0.0	0.0	0.27546402570997575	0.031890297377023036	0.06005748359143751	31.47461494580719	0.0	0.0	0.0	0.0	0.0	0.0	0.0	0.0	0.0	0.0	0.0	0.0	0.06965728615213151	0.0	0.0	0.0	0.0	0.0	0.0	0.0	0.0	0.0	0.0	0.0	0.0	0.0	0.0	0.0	0.140964195094446	0.0	1.2303931554288043	0.0	0.0	0.0	0.0	0.3691853310361802	0.0	0.0	0.0	0.0	0.0	0.0	0.0	0.0	0.3123816736084817	0.0	0.0	0.0	0.0	NA
NA18618	0.06810597289382278	0.0	0.05054881571346043	0.0	0.0	0.43274645799988143	0.024755539051862854	0.0	0.0	0.010570265842185931	0.0	0.0	0.0	0.0	3.04304558452539	0.0	0.0	0.013241525423728813	0.0	0.0	0.13374348000534975	0.0	0.0	0.0	0.0	0.0	0.0	0.018560910722019427	0.0	0.0	0.0	0.0	0.014583637159107482	0.0	0.0	0.0	0.06203177935773249	0.0	0.0	20.07952286282306	0.08372093023255814	0.0	0.0	0.0	0.1364256480218281	1.2573021380067015	0.0	0.015450378534274091	0.07763372408974459	0.0	0.0	9.894237993411547	14.989406779661016	0.0	0.016543509429800374	0.17024174327545114	0.041500399042298484	0.03579830213767004	0.11021438475486188	0.0	0.0	0.0	3.447369040587343	0.0	0.0	0.0	0.37270642201834864	0.0	0.0	0.0	0.0	0.05741288698494016	NA	0.0	15.709629629629628	0.0025482251611752414	0.08062078000604656	0.0	0.0	0.0	0.0	0.02629898185370252	0.0	0.0	0.0	0.0	0.0	0.0	0.09286175710594315	0.0	0.0	0.0	0.09558923938276663	0.0	0.0	0.0	0.0	0.005002751513332333	0.0	0.0	0.10112501580078373	0.0	0.0	0.0	0.0	0.0	0.0	0.0	0.0	0.07658800440381025	0.0	0.2650511170011359	0.0	0.0	0.0	0.0	18.340262232171412	0.06323656223052601	0.748553929908132	0.0	0.0	0.0	0.0	0.0	0.0	0.0	0.0	0.01179569850194629	0.01847063169560399	0.0	0.0	0.0	0.0	0.047134873072520365	0.05855229451804143	0.0	0.0	0.0	0.0	0.0	0.0	1.2874522619000748	0.0	0.09649249770830318	0.0	0.2074150894477573	0.0	0.0	0.0	0.0	0.0	0.0	0.0	0.0	0.0	0.0	0.0	0.0	0.0	30.272241761104596	0.5462184873949579	0.0	0.021762109059255113	0.08678672163159037	0.0	0.0	0.0	0.0	0.0	0.0	0.0	18.31867388362652	2.4043609461695707	0.0	0.0	0.0	0.0	0.0	0.0	0.0	0.0	0.0	0.0	0.03442387720772337	1.206390609716335	0.0	0.0	0.0	0.0	10.274585945832932	0.0	0.017536937173922577	0.026232088402137914	0.0	0.0	0.0	0.05927180355630821	0.017421602787456445	0.0	0.0	17.110832054323055	0.0	0.0	0.0	0.0	0.0063669935056666245	0.0	2.313511933043383	0.0	0.0	0.0	0.013030164831585119	0.08359107247345983	0.0	0.0	0.0	0.0	0.0	0.10827881795623731	0.0	0.0	0.0	0.0	0.0	0.6660866728291013	0.03311728249041965	0.0	0.0	0.0	0.0	0.06615506747816884	0.08269588587967748	0.02466902392895321	40.656030346982035	0.0	0.0	0.0	0.0	0.0	0.0	0.0	0.0	0.0	0.0	0.0	0.0	0.0	0.0	0.0	0.0	0.0	0.0	0.0	0.0	0.012623074981065388	0.0	0.0	0.0	0.0	0.0	0.0	0.0	0.18212171801487326	0.0	1.3047492874061584	0.0	0.0	0.0	0.0	0.36829625145048184	0.0302571860816944	0.0	0.0	0.0	0.0	0.0	0.0	0.0	0.18669382213170402	0.0	0.0	0.0	0.0	NA
NA18620	0.0	0.0	0.1517150395778364	0.0	NA	2.04338618281724	0.0	0.0	0.0	0.0	0.0	0.0065235827516472045	0.0	0.0	5.425028552781857	0.0	0.0	0.11411516853932584	0.0	0.0	0.0	0.0	0.01017984390906006	0.0	0.0	0.17089009325716517	0.0	0.09163663021565153	0.0	0.016975046681378374	0.004330504070673827	0.0	0.0	0.005930142916444286	0.0	0.0034671659385618198	0.0	0.0	0.0	19.753086419753085	0.0	0.0	0.0	0.0	0.0	2.031537196478669	0.0	0.0	0.0280849569949096	0.050702593075474436	0.0	13.046105504864341	0.019555439671468614	0.0	0.0	0.16352145666681397	0.6248612300567767	0.0	0.03889949784284603	0.0	0.0	0.0	6.193037833992798	0.0	0.041340820615289216	0.028876696505919723	0.6537168472170339	0.0	0.0	0.0	0.0	0.004365287235900122	NA	0.0	21.769805680119582	0.05300821627352239	0.27121270825261523	0.0	0.0	0.0	0.0	0.01618384851917786	0.06844314655959116	0.008020210931547499	0.0	0.0	0.0	0.0	0.0	0.0	0.0	0.0	0.02101281781886951	0.0	0.007637668983426257	0.11708296164139162	0.0	0.041317761128250335	0.0	0.0	0.49069242152815645	0.0	0.0	0.0	0.0	0.0	0.0	0.0	0.08191002032581986	0.07076067728076826	0.0	0.10357864208400226	0.0	0.0	0.0	0.0	21.877351392024078	0.13547076089410703	1.599370739381227	0.0	0.0	0.0	0.0	0.0	0.14792899408284024	0.0	0.0	0.0	0.1634368433341116	0.0	0.0	0.0	0.0	0.10316590366883745	0.056293627561360055	0.0	0.0	0.08999503475670308	0.0	0.0	0.0	2.584915084915085	0.0	0.07699340743948799	0.0	0.04938271604938272	0.0	0.0	0.0	0.03450995858804969	0.0	0.0	0.0	0.08762845534931889	0.0	0.0	0.010920607185759528	0.028571428571428574	0.0	32.523328149300156	1.608910891089109	0.0	0.0	0.20235234602251168	0.06016290262865605	0.0	0.0	0.0	0.0	0.0	0.0	21.030638800382494	1.305293691080493	0.04806701915814049	0.0	0.0	0.0	0.0	0.0	0.014932505077051725	0.0	0.0	0.0351271603203597	0.0	1.0849909584086799	0.0	0.0	0.0	0.16759056336212455	16.52755125341338	0.0	0.24687201930090336	0.0	0.0519953204211621	0.0	0.0	0.021317416329140908	0.0	0.0	0.0	18.532276330690827	0.0	0.0	0.00545970735968552	0.0	0.0	NA	2.98399128997137	0.0	0.0	0.0	0.07067591878694422	0.24619965074003033	0.008365750616974107	0.0	0.0	0.0	0.0	0.24215958713775307	0.0	0.0	0.04409981257579655	0.0	0.0	1.3825717642097655	0.0	0.0	0.0	0.0	0.0	0.2386793078300073	0.0	0.08125126955108673	49.575696037616495	0.0	0.06407176037161622	0.0	0.0	0.0	0.0	0.015405946695424435	0.0	0.0	0.0	0.0	0.008770006577504933	0.1798920647611433	0.010945709281961471	0.0	0.0	0.0	0.017370158068438425	0.0	0.0	0.0	0.0	0.0	0.0	0.05527272727272728	0.0	0.0	0.0	0.31974420463629094	0.027374760470845878	1.3749472796288484	0.0	0.0	0.004237467689308869	0.0	0.35574528637495556	0.0	0.0	0.0	0.0	0.0	0.0	0.0	0.0	0.6630500301386377	0.0	0.0	0.0	0.0	0.056561085972850686
NA18627	0.0	0.0	0.055319933616079654	0.0	NA	1.1134127395132056	0.016873365392727577	0.0	0.0	0.0	0.0	0.0	0.0	0.0	2.6724395341893104	0.0	0.0	0.03223596728049321	0.0	0.0	0.0	0.0	0.0	0.0	0.0	0.0	0.0	0.0	0.007274578983741316	0.04118276912939626	0.0	0.0	0.0	0.0	0.0	0.0	0.0	0.0	0.0	17.0926517571885	0.0	0.0	0.01159151501101194	0.0	0.12579427797309936	1.6033910799852562	0.0	0.0	0.028795392737162057	0.0	0.0	11.084594292677972	0.04174120453190221	0.0	0.010514694285263656	0.06984387838948233	0.23880231454551018	0.0	0.17383466391964975	0.0	0.0	0.0	3.7305074871791835	0.0	0.057836899942163095	0.0	0.40804706775479216	0.0	0.0	0.0	0.0	0.03337783711615487	NA	0.0	18.753372908796546	0.0	0.048537263380841016	0.0	0.05161068341146618	0.0	0.0	0.006604583581005217	0.0	0.0	0.0	0.0	0.0	0.0	0.04065040650406504	0.0	0.0	0.0	0.0	0.0	0.0	0.027548209366391182	0.034742327735958305	0.024599035717799863	0.0	0.0	0.4405717642451537	0.0	0.0	0.0	0.0	0.0	0.0	0.0	0.0	0.01381088297578492	0.0	0.026621233095516984	0.0	0.0	0.0	0.0	18.949536560247168	0.0	1.5794511805998723	0.0	0.05704868154158215	0.0	0.0	0.0	0.0	0.0	0.0	0.0	0.010942714887563605	0.0	0.026408450704225348	0.0	0.0	0.16284750494358496	0.0	0.0	0.0	0.020072835718177386	0.0	0.0	0.0	2.7765237020316027	0.0	0.03909983491180815	0.0	0.0	0.0	0.0	0.0	0.0	0.05875728345492827	0.0	0.0	0.0	0.0	0.028095148904289196	0.0	0.0	0.0	25.046984452417565	0.6846709775580069	0.0	0.0	0.0	0.0	0.0	0.0	0.0	0.0	0.0	0.0	23.938795656465942	3.155551253508857	0.0	0.0	0.0	0.0	0.0	0.0	0.0	0.0861656294877932	0.0	0.0	0.11974255350995361	0.5599505160009116	0.07122968335168037	0.0	0.02000080003200128	0.24658148397220356	11.779844417149206	0.0	0.021826912583215105	0.06921213519437075	0.0	0.0	0.0	0.10563008344776594	0.0	0.0	0.0	15.517473419765826	0.0	0.0	0.12020434739056396	0.0	0.0	0.0	2.0660106749936458	0.0	0.0	0.0	0.0	0.1625105071448585	0.0	0.0	0.0	0.0	0.0	0.07341544987356227	0.053017944535073414	0.0	0.0	0.0	0.0	0.9316064530788457	0.0	0.0	0.0	0.0	0.06360045524536387	0.21959760223158645	0.03970932772108168	0.03419322974051138	40.21382137807232	0.0	0.0	0.0	0.0	0.0	0.0	0.0	0.0	0.0	0.0	0.0	0.0	0.2050809860628636	0.0	0.0	0.0	0.05122294788065053	0.0	0.009571209800918837	0.0	0.0	0.0	0.25125628140703515	0.0	0.0	0.0	0.0	0.012836146588794044	0.19672937415467848	0.0	1.8546122647069019	0.0	0.0	0.0	0.0	0.4708097928436911	0.0	0.0	0.0	0.0	0.0	0.0	0.009088843444671665	0.0	0.4089388244041472	0.0	0.0	0.0	0.0	NA
NA18628	0.0	0.0	0.15889464594127808	0.0	0.0	1.4180721756336567	0.0	0.0	0.0	0.0	0.0	0.0	0.0	0.0	3.9106993697319465	0.0	0.05526083112290009	0.04158790170132325	0.0	0.0	0.0	0.0	0.0	0.0	0.0	0.06043861163874979	0.0	0.0	0.0	0.02902441679062511	0.06405010141266057	0.0	0.0	0.0	0.0	0.04549590536851684	0.0	0.06196853375563741	0.0	27.678231033168128	0.02453485994684114	0.0	0.0	0.0	0.0	2.1535530980475155	0.0	0.0	0.04045811029503299	0.0	0.0	13.522710460127238	0.0	0.0	0.023790265023552363	0.18583215639634282	0.21562877350353632	0.0	0.05293280841631654	0.0	0.0	0.0	3.7727289910407134	0.02495788357147314	0.0	0.0	0.35778175313059035	0.0	0.0	0.0	0.0	0.011448633796366967	NA	0.0	26.14022061943148	0.01735207357279195	0.2158273381294964	0.0	0.0	0.0	0.0	0.0	0.018286215850491897	0.0379258033374707	0.19569471624266144	0.0	0.0	0.19801980198019803	0.06402663508019336	0.0	0.026913070781376155	0.0	0.05754212905877518	0.0	0.0176532893962575	0.17373737373737375	0.0	0.01801112186775334	0.04105396730611331	0.05844250718355817	0.20330640415173076	0.0	0.0	0.0	0.0	0.0	0.02588326646822829	0.0	0.048579062424095217	0.04477077363896848	0.0	0.13937595539969427	0.0	0.0	0.0	0.0	30.25630182882099	0.0	1.323220913345167	0.0	0.0	0.0	0.0	0.0	0.0	0.0	0.0	0.0	0.0	0.009977384594918186	0.0	0.0	0.0	0.1201107107420753	0.0	0.0	0.03913256155225828	0.005268703898840886	0.0	0.0	0.0	4.33447337195505	0.0	0.016584435507276424	0.0	0.05401317921572864	0.0	0.0	0.0	0.03417343015805211	0.0357685773048377	0.0	0.0	0.0	0.012481667550784786	0.0285074322948483	0.01907032181168057	0.11230641919848681	0.0	34.47049525816649	1.25	0.0	0.019427175843694494	0.34134547006115773	0.0	0.0	0.0	0.0	0.052586869463209424	0.0	0.0	28.269692341261184	2.9907610248595105	0.022581009371118888	0.0	0.0	0.0	0.0	0.0	0.0	0.0	0.08135750813575082	0.04658056320135507	0.014186409419775853	0.887027226807934	0.0	0.0	0.0	0.22324051227822816	16.135561552833714	0.0	0.04794699677447476	0.10570251517779705	0.0	0.0	0.0	0.04123371268349002	0.0436161776367962	0.0	0.0	23.049370990720238	0.0	0.0	0.0	0.1110042181602901	0.0	0.07015082427218519	3.09214806697942	0.0	0.0	0.04762755253914389	0.06027067010026848	0.20527279022604736	0.06253448592974067	0.03159985554351751	0.0	0.0	0.0	0.3145280089182625	0.0	0.0	0.006296237997796317	0.0	0.0	1.081185055702672	0.0	0.038444063887044355	0.0	0.013921275188807297	0.0	0.34038279113888736	0.023499921666927777	0.02092050209205021	50.029964043148226	0.0	0.0	0.0	0.0	0.0	0.0	0.0	0.0	0.0	0.0	0.0	0.0	0.24505270945071206	0.0	0.0	0.0	0.0	0.0	0.0	0.03182078533698212	0.05563591854901524	0.0	0.27359781121751026	0.0	0.0	0.0	0.0	0.0	0.1321956495613508	0.0	1.4831416235456971	0.027320911425605155	0.0	0.10839741201178821	0.0	0.5498981670061099	0.06468653980917471	0.0	0.0	0.0	0.0	0.0	0.0	0.0	0.9482824282123544	0.0	0.0	0.0	0.059143163419953425	NA
NA18637	0.0439126138983423	0.0	0.7453205725417126	0.0	NA	2.6084195245871893	0.0	0.0	0.0	0.0	0.04713720067877569	0.0	0.0	0.0	6.343519494204426	0.0	0.021423980575590945	0.07263274590007264	0.03125	0.0	0.039323633503735744	0.0	0.0	0.0	0.0	0.0	0.0	0.11850096282032291	0.024234031504240954	0.0	0.0	0.0	0.0	0.0	0.0	0.04267182521620392	0.0	0.0	0.20936927505888508	31.929637526652456	0.007792713812585232	0.0	0.013831736920363774	0.0	0.0	2.702774529605613	0.0	0.0	0.14649167389159615	0.0	0.045136538027533285	21.039768940235504	0.010632076976237307	0.0	0.06718022214260122	0.22648752399232244	0.19751616656294813	0.007686690495407203	0.12387059166423785	0.0	0.0	0.0	7.476670965784084	0.0	0.07385726399868699	0.0	0.5595162891435791	0.0	0.0	0.01642912884544297	0.0	0.06162546219096643	NA	0.0	33.771745965206456	0.04354136429608128	0.42551467012481764	0.0	0.03510989396812021	NA	0.061961909731280976	0.1279836180968836	0.021590500179920834	0.023782020792281037	0.03165558721114277	0.0	0.0	0.0	0.0	0.0	0.0042178075836180355	0.0	0.0	0.0	0.04789526901176095	0.03828483920367535	0.0	0.05657954866929253	0.0	0.0	0.38316999484194236	0.0	0.0	0.06445375443119562	0.0	0.0309669427885732	0.0	0.09302325581395349	0.055105093285050775	0.07841819302078082	0.0	0.13197586726998492	0.0	0.15255530129672007	0.0	0.06655574043261231	26.66338097585017	0.0	2.857142857142857	0.09712273886123589	0.05529750055297501	0.25862068965517243	0.0	0.0	0.0	0.0	0.0	0.013648616371515336	0.07993981002539265	0.0	0.00674399784192069	0.0	0.0	0.16044496737619	0.0	0.012388503468780971	0.03146336091621307	0.022431024599356978	0.0	0.04599431343033952	0.0	6.983694044031967	0.0	0.03521540086864655	0.04387889425186486	0.03836036825953529	0.0	0.0	0.0	0.0	0.041159791457056616	0.1310615989515072	0.0	0.0	0.0	0.04024144869215292	0.004102395799146701	0.03413357606098532	0.0	47.35299189515434	1.76678445229682	0.0	0.008256274768824307	0.014310246136233542	0.030551842658010312	0.0	0.008728669314363025	0.09414777434661445	0.0	0.012971009793112394	0.0	37.68437167652954	3.067484662576687	0.0	0.0	0.0	0.0	0.0	0.0	0.0	0.03553660270078181	0.0	0.08149405772495755	0.11593114031075093	1.8731514952349655	0.0	0.0	0.0	0.24150102173509194	23.314989650123692	0.012122681537156019	0.08738562763441965	0.049161664251707725	0.056800969403211145	0.008115785202218315	0.0	0.1128577186618299	0.1196822979001197	0.0	0.0	24.733596360174495	0.0	0.0	0.0	0.0	0.0	NA	4.770521467346603	0.0	0.0	0.016742940060274585	0.0389040182293114	0.27897959666170175	0.0	0.016687526074259492	0.0	0.0	0.0045355587808417995	0.07540736369299367	0.0	0.0	0.0	0.0	0.04303719643406086	1.7064288715626312	0.0	0.006576567689322942	0.0	0.0	0.0	0.42716787697565145	0.12602167572822526	0.16493318523006498	57.3444515715202	0.0	0.0	0.0	0.0	0.0	0.0	0.04395753026306891	0.0	0.0	0.0	0.0	0.0	0.062153915696688884	0.0	0.0	0.003966837240668015	0.0	0.06820248560169748	0.0	0.0	0.06261414036003131	0.0	0.19100169779286927	0.028805530661887083	0.0	0.0	0.0	0.0	0.6854792642522564	0.0	2.9082202713487626	0.0	0.0	0.0	0.0	0.45198826753858734	0.046835665359171004	0.0	0.0	0.0	0.0	0.0	0.012873326467559216	0.0	1.271277741865977	0.021112635912593686	0.0	0.0	0.020654044750430294	0.10291916167664672
NA18638	0.0	0.0	0.5580159433126661	0.0	NA	1.4090197464774505	0.0	0.0	0.008111944838775097	0.11475688541312477	0.0	0.0	0.0	0.0	4.663735313198298	0.0	0.0	0.04230655328510386	0.033292642326045944	0.0	0.031138097462245055	0.0	0.0	0.0	0.0	0.0	0.0	0.04423039119323766	0.0	0.0706713780918728	0.09623527600277157	0.0	0.0	0.0	0.0	0.0	0.0	0.0	0.0	34.10301953818828	0.021351097446408746	0.0	0.018408070097930933	0.01280847066860217	0.0	3.0710280900459246	NA	0.0	0.0	0.0	0.0	18.238161140862868	0.0	0.0	0.0	0.06152836457606957	0.24393256345334405	0.028484231943031537	0.07142573707392563	0.0	0.03532736693358455	0.0	5.500951173113506	0.0	0.018215489237681775	0.026981814257190654	0.36496350364963503	0.0	0.0	0.0	0.0	0.0823271130625686	NA	0.0	30.296302525368755	0.0	0.17551755175517553	0.0	0.0	NA	0.035415781272134864	0.1486725663716814	0.0	0.0773879716981132	0.0	0.0	0.0	0.03924646781789639	0.0	0.0	0.0	0.0	0.0	0.0	0.0	0.0888678239232182	0.0	0.16915703411333521	0.01177902548195846	0.0	0.5752003771805752	0.0	0.0	0.0	0.0	0.03382949932341001	0.0	0.0	0.0	0.013793737643110027	0.0	0.14142789796239064	0.0	0.0679040289723857	0.0	0.0	26.782655258964805	0.016387174304910688	2.459618208516887	0.0	0.0523680847944029	0.0	0.013190871916633689	0.0	0.0	0.0	0.0	0.0	0.14311093564942756	0.0	0.0	0.0	0.0	0.18573996405032955	0.0	0.0	0.11941556617027255	0.10020597895674442	0.0	0.0	0.0	6.734513924608715	0.0	0.021591743317355444	0.0	0.0	0.03426364315973087	0.0	0.0	0.02904443799012489	0.04023065575968888	0.09467455621301775	0.0	0.0	0.0	0.01766706417561062	0.05474452554744526	0.006140620202640466	0.0	48.61857252494244	2.2612085769980506	0.0	0.0	0.015840329478853162	0.0	0.0	0.0	0.0	0.0	0.0	0.0	33.50449921752739	3.1162136832239926	0.049896642668757575	0.0	0.03893070334804049	0.0	0.0	0.0	0.0	0.0	0.19011406844106463	0.027744381762693057	0.09581756335936377	1.0302132888062758	0.0	0.0	0.0	0.14927994380049175	18.43416962753504	0.0	0.10389010735311092	0.017778831338153372	0.021734405564007825	0.0	0.0	0.20295202952029517	0.039070130884938464	0.0	0.0	27.155137458438084	0.0	0.0	0.057971014492753624	0.0	0.0	NA	3.2363649737045344	0.0	0.0	0.023996640470334153	0.0	0.2667230041989067	0.03331359194551377	0.0	0.0	0.0	0.0	0.02782511912629126	0.0	0.0	0.03983666965441689	0.0	0.0	0.9871357311630349	0.0	0.0	0.0	0.03542581833640357	0.0	0.12837719554181012	0.0665179794185546	0.18298261665141813	57.41235775160337	0.0	0.0	0.0	0.043346337234503686	0.0	0.0	0.0	0.0	0.0	0.0	0.0	0.004195510803440319	0.20868113522537562	0.026798475464506907	0.0	0.0	0.0	0.0	0.0	0.0	0.0	0.0	0.04585052728106373	0.014133776191654006	0.0	0.0	0.0	0.0	0.32810791104629966	0.033112582781456956	1.597217532248261	0.01050420168067227	0.0	0.09351845190993453	0.05292405398253506	0.8039102193067079	0.15010115512628075	0.0	0.04354557770466422	0.0	0.0	0.0	0.10583610523132748	0.0	0.9540981143415221	0.0	0.0	0.0	0.007380618495829951	0.15323322096230463
NA18648	0.0	0.0	0.22245291413317514	0.0	0.0	0.47233468286099867	0.0	0.0	0.0	0.0	0.0	0.0	0.0	0.0	3.1557011015183085	0.0	0.0	0.03017631590291848	0.0	0.0	0.0	0.0	0.0	0.0	0.0	0.0	0.0	0.013465293206759576	0.0	0.055736580346424286	0.0	0.0	0.0	0.05751671579552807	0.0	0.0	0.0	0.022934903100034404	0.0	12.756264236902052	0.0	0.0	0.0	0.0	0.0	1.4971812328640521	0.0	0.0	0.0	0.02498906728306366	0.0	14.10279316300399	0.029154518950437316	0.0	0.03471705599365174	0.06149251109061361	0.13970196913251728	0.0	0.07242702976750923	0.0	0.0	0.0	3.8795919392934315	0.014258216297141229	0.003316529583443884	0.0	0.5158980838071173	0.0	0.0	0.025971327654269686	0.0	0.04688012751394684	NA	0.0	15.305765870704718	0.029514196328433977	0.35443290734824284	0.0	0.0	0.0	0.0	0.016865681710854754	0.016668055671305942	0.004125412541254125	0.0	0.0	0.0	0.0	0.0	0.0	0.0	0.0	0.0	0.0	0.011643476742155207	0.044184790613186704	0.0	0.16524448056345659	0.0	0.0	0.18635855385762207	0.0	0.0	0.0	0.0	0.0	0.0	0.0	0.0	0.06404887421786472	0.0	0.1340782122905028	0.0	0.0	0.0	0.0	20.506108202443283	0.04462293618920125	0.9796806966618287	0.0	0.046012812798640855	0.0	0.0	0.0	0.0	0.0	0.0	0.0	0.03463563313937379	0.0	0.0	0.0	0.0	0.020372130924894743	0.0	0.0	0.027102107188833935	0.0	0.0	0.0	0.0	3.4194027388219763	0.0	0.0	0.018879501581158257	0.020208824520040417	0.0	0.0	0.0	0.0	0.0	0.0	0.0	0.0	0.04110856085779863	0.01518372304889159	0.0	0.0	0.0	19.470034157954665	0.37174721189591076	0.0	0.0	0.019751135690302193	0.0	0.0	0.0	0.0	0.0	0.0	0.0	17.080171239540768	2.6323158779053486	0.022679165406713032	0.0	0.0	0.0	0.0	0.0	0.012422360248447206	0.0	0.0	0.0	0.0	0.810342228252676	0.018646975460580292	0.0	0.0	0.11541632316570487	8.237452059363015	0.0	0.046513791339132055	0.05308383928867655	0.0	0.0	0.0	0.044792833146696534	0.0	0.11417262901507079	0.003929273084479371	17.749848152128205	0.02850830304326135	NA	0.12371338083927157	0.06930607294464178	0.0	0.11250703168948059	1.0527813344714754	0.0	0.0	0.0933036675518553	0.04020639281645782	0.11801277992055725	0.0	0.059189109203906486	0.0	0.0	0.0	0.09115770282588878	0.0	0.0	0.0	0.0	0.0	0.8714914453933371	0.013278801720932704	0.0	0.0	0.0	0.0	0.5158730158730158	0.008299443937256203	0.03832396525293817	39.70082530949106	0.0	0.0	0.0	0.0	0.0	0.0	0.0	0.0	0.0	0.0	0.0	0.0	0.0416579879191835	0.0	0.0	0.029540643001329327	0.0	0.043744531933508315	0.011054609772275039	0.0	0.0	0.0	0.0	0.02244165170556553	0.0	0.0	0.0	0.0	0.11815093782306897	0.0	1.0457239627434378	0.0	0.0	0.0	0.0	0.22005966061910118	0.0	0.0	0.0	0.0	0.0	0.0	0.0	0.0	0.28656032094755945	0.0	0.0	0.0	0.0	0.02354603249352484
NA18740	0.0	0.0	0.523145212428662	0.0	NA	0.7797608733321781	0.00916590284142988	0.0	0.012464683397041714	0.0	0.012189671285197675	0.0	0.0	0.0	2.741367687813647	0.0	0.0	0.060718911917098446	0.013943112102621306	0.0	0.18	0.0	0.02114388413151496	0.0	0.0	0.025810892196506924	0.0	0.0	0.0045045045045045045	0.0	0.0	0.0	0.0	0.0	0.0	0.010112586799703364	0.0	0.0	0.0	38.63275039745628	0.05223295899712719	0.0	0.026528214651153976	0.0	0.0	1.576754138979615	NA	0.0	0.0	0.0	0.0	16.354648716870006	0.012114604155309225	0.0	0.015393298783929397	0.04866653688923496	0.32510288065843623	0.0	0.05255228952808044	0.0	0.0	0.0	4.535340623964399	0.0	0.009268413247652003	0.01823154056517776	0.11966016513102788	0.0	0.0	0.0	0.0	0.022897966660560543	NA	0.0	19.928845174318877	0.0	0.048074611797509735	0.0	0.0	0.0	0.0	0.04188832572362083	0.11405629818878597	0.0576915152264392	0.6967022758941013	0.02870470039468963	0.0	0.0	0.0	0.01404494382022472	0.0	NA	0.0	0.027285129604365622	0.023374043125109566	0.011397310234784592	0.0	0.0	0.0	0.0	0.27214467562110434	0.0	0.0	0.0	0.0	0.0	0.0	0.0	0.03183868400106129	0.24001745581496836	0.0	0.053198563638781754	0.0	0.0	0.0	0.0	23.90399216262552	0.017775671031581442	1.813053988718775	0.0	0.0	0.0	0.0	0.0	0.0	0.0	0.030152268958239106	0.0	0.0	0.0	0.0	0.0	0.0	0.23869427778852978	0.02524296352391771	0.04449058282663503	0.0	0.0	0.0	0.0	0.0	3.3122629582806575	0.0	0.03961180431768667	0.0	0.12127745586848132	0.0	0.0	0.0	0.0	0.0	0.0	0.0	0.0	0.0	0.0	0.0265209780936721	0.0059819345576359395	0.0	42.75375429708703	0.5296100144439095	0.0	0.009456264775413711	0.0	0.0	0.0	0.0	0.0	0.0	0.008162598971512528	0.05070565368038536	25.637671680837148	6.380250080153896	0.0	0.0	0.0	0.0	0.0	0.0	0.0	0.0	0.0	0.03857727027235553	0.041401438699994825	1.1757827725087697	0.0	0.0	0.0	0.1693623507494284	11.15151515151515	0.0	0.09172734048042194	0.03766587471750594	0.0	0.0	0.0	0.13886619833360564	0.059126321647189756	0.023523876734885908	0.004204507231752439	20.50753370340999	0.0	0.0	0.004729474082482028	0.04362050163576881	0.0	NA	2.282850779510022	0.0	0.0	0.0059382422802850355	0.020849259851275278	0.22856242118537198	0.0	0.0	0.0	0.0	0.0	0.09992089595736708	0.0	0.0	0.0	0.0	0.0	0.991816294124832	0.0	0.0	0.0	0.0	0.0	0.25022456050301556	0.018490440442291336	0.05688975578040554	45.998485221185526	0.0	0.0	0.01911863110601281	0.0	0.005947778504728485	0.0	0.0	0.0	0.0	0.0	0.0	0.004479483963447411	0.1261725821493225	0.014895138226882746	0.0	0.0	0.0	0.008858180529719196	0.0	0.0	0.0	0.0	0.1763461086292029	0.0	0.015712976299594082	0.0	0.0	0.0	0.08265601322496212	0.0	1.6184846081753297	0.0	0.03587801474985051	0.05767012687427912	0.046696240952603316	0.48574567744173947	0.0	0.0	0.021315144410103376	0.0	0.0	0.0	0.0	0.0	0.7564969740121039	0.0	0.0	0.0	0.0	0.13788348845225784
NA18749	0.0	0.0	0.5588044184535412	0.0	NA	2.3405823811279025	0.0	0.0	0.0	0.11166945840312675	0.0	0.0	0.005695733895312411	0.0	4.621926418931411	0.06011004762565312	0.005420641803989592	0.1318770500118351	0.014680694886224616	0.0	0.016385384237260363	0.0	0.019954105557218396	0.0	0.0	0.0	0.0	0.04028400221562012	0.0	0.0	0.013452613170108294	0.0	0.0	0.05867683731846853	0.0	0.03500269251480883	0.0	0.0	0.0	39.64285714285714	0.11902614968440037	0.0	0.0	0.0	0.0	2.3848549418128173	0.0	0.0	0.0	0.0	0.0	21.891573364761342	22.670302585347947	0.0	0.02089864158829676	0.28654334421472616	0.2905481847166512	0.0	0.10039855182694941	0.0	0.0	0.0	5.683920345315391	0.0	0.0	0.0	0.9850599244787391	0.0	0.0	0.0	0.0	0.07690694259945466	0.0	0.015234613040828763	29.69893078221722	0.01972337960109465	0.2117289868967721	0.0	0.0	NA	0.0	0.03417422641978377	0.0	0.012951270843451513	0.0	0.07929730389166768	0.0	0.0	0.056405114063675106	0.0	0.0	NA	0.0	0.021963540522732264	0.0	0.13469827586206898	0.0	0.0	0.0	0.0	0.2542305553348693	0.0	0.0	0.0	0.0	0.06578553914239578	0.0	0.1798561151079137	0.015123635722027575	0.12587060501804145	0.0	0.10053925600950553	0.0	0.12406947890818859	0.0	0.034293552812071325	28.530259365994237	0.045493318168893945	2.0382565067419254	0.0	0.031255697653218034	0.0	0.0	0.0	0.0	0.0	0.0	0.016572205097610287	0.004223151315511635	0.08740995267806011	0.0	0.0	0.0	0.05511298161230523	0.010851871947911016	0.0	0.06780044070286456	0.0	0.0	0.0	0.0	5.548343224530168	0.0	0.037404151860856556	0.0	0.02112713251993873	0.0	0.0	0.0	0.012280486307257766	0.004508566275924256	0.0	0.0	0.0	0.13081870707511173	0.051903755607459315	0.0	0.058663537944642956	0.0	53.652585023638856	1.6693944353518821	0.01522881291403335	0.051268279583017995	0.12050612572805784	0.0	0.0	0.0	0.022619316896629722	0.019507120098836074	0.006683151774376797	0.0	31.83021570244347	3.831845238095238	0.0	0.0	0.0	0.0	0.0	0.0	0.0	0.0	0.0	0.0	0.060464714520169306	0.9177515088034317	0.0	0.0	0.02439619419370578	0.08221083918295073	19.684958829847083	0.0	0.20252375759464092	0.07483279547261587	0.0	0.0	0.0	0.0904284919309961	0.026190199045512747	0.0	0.03900570901741073	31.70887931748372	0.0	NA	0.0	0.0	0.0	NA	3.5393169181890385	0.0	0.0	0.0	0.08359806052499581	0.18507257488829548	0.012590890490729957	0.0	0.0	0.0	0.0	0.08787667972611768	0.0	0.0	0.04429044108068676	0.0	0.0	1.2332770952641208	0.0	0.0	0.0	0.0	0.0	0.14386271386733804	0.04881064722918226	0.045460055764335074	50.78488552460135	0.0	0.0	0.0	0.06202774331792038	0.0	0.0	0.0	0.0	0.0	0.0	0.0	0.010374161421951725	0.1267488909472042	0.0	0.0	0.0	0.0	0.0	0.0	0.0	0.010045203415369162	0.0	0.32969819934060357	0.0	0.0	0.0	0.0	0.0	0.17107664233576644	0.0	1.491436269164154	0.014245014245014244	0.0	0.08334362266946536	0.0394399526720568	0.8751041790689368	0.02596997870461746	0.0	0.0	0.0	0.0	0.0	0.004445432318292954	0.0	0.5622384937238494	0.0	0.0	0.0	0.0	0.0
NA19650	0.0	0.0	0.21244954323348203	0.0	0.0	0.966226398368939	0.0	0.0	0.0	0.0	0.0	0.0	0.0	0.0	3.1578947368421053	0.0	0.0	0.06429834431763383	0.006464541987200206	0.0	0.07398795053377022	0.041736227045075125	0.0	0.0	0.0	0.01181288391872736	0.0	0.036743478032649206	0.0	0.0	0.0	0.0	0.0	0.015845977102563087	0.0	0.0	0.0	0.0	0.0	31.711505437893532	0.014883167137966958	0.06188544316853469	0.03882741215298	0.03275869129028296	0.0	1.1119742536899344	0.0	0.0	0.0363779670779398	0.0	0.0	13.774373259052924	0.037656678680940345	0.0	0.0	0.13622387420698245	0.3076424870466321	0.0	0.05007739233360649	0.0	0.0	0.0	2.7732583937287383	0.033003300330033	0.04952278047902035	0.0	0.4024667315806556	0.0	0.0	0.02777888011429025	0.0	0.05405015854713174	NA	0.0	19.663679290739132	0.0	0.08009611533840609	0.0	0.04072352122713544	0.0	0.0	0.024401403080677137	0.0	0.03706699016039898	0.0	0.0	0.0	0.0	0.0	0.0	0.0	0.0	0.0	0.0	0.0	0.02729789806184924	0.0	0.06554675356293425	0.0	0.0	0.30252827198732263	0.0	0.0	0.0	0.0	0.0	0.0	0.0	0.0	0.013389868332961392	0.0	0.09885260370697264	0.0	0.0	0.0	0.0	27.723378212974296	0.0897827258035554	0.5205143906919779	0.0	0.0	0.0	0.0	0.0	0.0	0.0	0.025749139013164248	0.0	0.0	0.0	0.0	0.0	0.0	0.08881980681692017	0.007096728408203818	0.0	0.0	0.017735606446892944	0.0	0.004296640027498496	0.0	2.270931391074312	0.0	0.045187528242205156	0.0	0.010143530963128264	0.010974940552405341	0.023960704444710674	0.0	0.0	0.04779283976364269	0.0	0.0	0.0	0.028922631959508317	0.0	0.0	0.009192021325489476	0.0	45.3485030044111	0.8337420304070623	0.0	0.0	0.03375337533753375	0.007521341807378436	0.0	0.0	0.0	0.0	0.0	0.0	24.31942812377595	1.0864475039805188	0.0	0.0	0.013749484394335213	0.0	0.0	0.0	0.0	0.0240900002409	0.0	0.0	0.0	0.41476687748198265	0.0	0.0	0.0	0.012843565373747753	11.72859600985909	0.0	0.12939310459971617	0.07822685788787484	0.0	0.0	0.0	0.0	0.0	0.0	0.0	21.13150063766473	0.0	NA	0.0	0.0	0.0	0.0	4.088152833018191	0.0	0.0	0.06770128111655037	0.0	0.18517739152392576	0.0	0.04301243450379291	0.0	0.0	0.0	0.06250744136206692	0.0	0.0	0.0	0.0	0.0	1.2023702226398452	0.0	0.0	0.0	0.02874297393970363	0.0	0.23568100849547824	0.09499563020101075	0.05433490678167555	39.06107393903814	0.0	0.013320900492873319	0.019535065442469232	0.025021894157387717	0.0	0.0	0.0	0.0	0.0	0.0	0.0	0.0	0.14138557867097556	0.0	0.008646031471554558	0.0	0.0	0.0	0.0	0.0	0.0	0.0	0.5210857973824528	0.029465688842325827	0.0	0.0	0.0	0.0	0.13057671381936886	0.0	1.5690413368513634	0.0	0.0	0.11964107676969092	0.0	0.15633375022333393	0.03874967708602429	0.0	0.0	0.0	0.0	0.0	0.0	0.0	0.757681078826637	0.0	0.0	0.0	0.08807750820722236	0.03726823814404174
NA19652	0.011494252873563218	0.0	0.49838026414153996	0.0	0.0	0.4707430653978538	0.0	0.024678300722721664	0.0	0.0	0.05654039312202747	0.0	0.0	0.0	3.8315926892950394	0.0	0.012846865364850977	0.03292723081988805	0.040525675910380365	0.0	0.039782522211908235	0.02208968411751712	0.0	0.04772700155112755	0.0	0.011187350835322196	0.007551729346020239	0.028341993386868214	0.0	0.03219805380652547	0.011023737782023958	0.0	0.0	0.0	0.0	0.02641465132660249	0.011823592007251804	0.016184896254815007	0.0	35.20710059171598	0.015856655831285184	0.0	0.0070876745339854	0.0	0.0	2.2227342941575925	0.0	0.0	0.0897777227416259	0.0	0.0	15.197796042298725	17.56487025948104	0.0	0.015444015444015444	0.1545530492898914	0.0401977730433734	0.0	0.09885764499121266	0.0	0.0	0.0	4.593724859211585	0.0	0.005841633320676462	0.0	0.40202761754937943	0.0	0.0	0.0	0.0	0.20475486292799455	NA	0.0	26.368649074438753	0.04411628122968329	0.08407247046954475	0.0	0.0	0.0	0.0	0.03151481196162196	0.05049720323182101	0.032411408815903195	0.0	0.0	0.031880493692216606	0.1949317738791423	0.013025073266037123	0.006062810719049351	0.0	0.18796992481203006	0.0	0.0	0.12073457456948593	0.10072908672294704	0.0	0.03074521675377811	0.0	0.0	0.21691973969631237	0.0	0.0	0.0	0.0	0.0	0.0	0.05067139599695972	0.09955437565184412	0.013508037282182897	0.0	0.15675346163894455	0.0	0.03009328919650918	0.0	0.026041666666666668	32.70820729985884	0.018849253098345977	1.5649952091983392	0.0	0.05355776587605203	0.0	0.0	0.0	0.0	0.0	0.0	0.006787714237230612	0.01832172957127153	0.0	0.0	0.0	0.0	0.24875621890547264	0.022642363862787278	0.0	0.03086949065340422	0.0	0.0	0.0	0.016170763260025874	3.3215765503544157	0.0	0.0	0.03271028037383178	0.09658206792938778	0.0	0.0	0.0	0.0	0.0	0.0	0.0	0.0	0.048870736900897126	0.10083186286866651	0.0	0.06317119393556538	0.0	47.518964793757625	0.631578947368421	0.0	0.0	0.083993280537557	0.0	0.0	0.0	0.0083166999334664	0.0	0.0	0.0	26.471255860964153	1.1252727063956827	0.01727812014052871	0.0	0.0	0.0	0.0	0.0	0.0	0.0	0.0	0.0	0.0	0.9505973156266847	0.0	0.0	0.0	0.2535799522673031	16.244158236897512	0.015163002274450343	0.1452011035283868	0.05171203782366195	0.02883173797716526	0.0	0.0	0.16212382206910528	0.0	0.014003640946646129	0.044903457566232596	27.87730425429324	0.0	NA	0.12238832065740013	0.0	0.0	NA	2.1765712888236735	0.0	0.0	0.0	0.0	0.2978523279510895	0.010426079099186766	0.0	0.004535970244035199	0.0	0.0	0.0616214134411708	0.0	0.007440476190476191	0.10873279691820187	0.0	0.0	1.2141202891430978	0.0	0.03288500115097504	0.0	0.0	0.0	0.6982279820153399	0.0	0.006930487213251091	48.53788214443952	0.0	0.0	0.0	0.044331855604813175	0.0	0.0	0.0	0.0	0.0	0.0	0.02146690518783542	0.0	0.2805683772287085	0.0	0.0	0.0	0.0	0.0	0.0	0.0	0.0	0.0	0.08708272859216255	0.006967427277477792	0.0	0.0	0.0	0.0	0.3284457478005865	0.03590449404583807	1.5300193673337636	0.043221437833165254	0.0	0.06127846223311618	0.0	0.5486260902185126	0.0	0.0	0.004611482591653217	0.0	0.0	0.014687522949254609	0.0	0.0	0.7095343680709534	0.0	0.0	0.0	0.0	0.347973290698768
NA19656	0.0	0.0	0.23066485753052918	0.0	NA	1.1687128075912723	0.0	0.0	0.020800110933924983	0.02535068446848065	0.0	0.05047389378049465	0.018439127829253676	0.0	3.8514244500540933	0.0	0.0	0.03106940905983968	0.020282604286390372	0.0	0.0	0.0	0.0	0.0	0.02659024433480072	0.0	0.0890967813787727	0.0	0.024259087049690698	0.0	0.015861686097232135	0.0	0.0	0.0	0.0	0.0	0.0	0.01751742984269348	0.0	25.31185031185031	0.0	0.0	0.0	0.004361479413817167	0.0	1.3721058942901947	0.0	0.0	0.06680229556979321	0.0	0.0	12.366129902149627	17.065795839380744	0.0	0.0	0.16177873646658647	0.12840267077555212	0.0	0.07609109190716887	0.0	0.0	0.0	3.9985144837831146	0.0	0.0	0.0	0.7898055352757681	0.0	0.0	0.03686126341980371	0.0	0.05919661733615222	NA	0.0	22.340269993664407	0.0	0.04012358062833527	0.0	0.028311425682507586	NA	0.013924182824520487	0.0	0.025924645696508816	0.10101795011267385	0.16352014270848816	0.0	0.0	0.06309148264984228	0.0	0.012353304508956145	0.0	NA	0.0	0.0	0.0	0.07957311364912938	0.0	0.06311923797865422	0.0	0.0	0.22507314877335136	0.0	0.0	0.0	0.0	0.02786097374103225	0.0	0.0	0.0	0.060808756460930376	0.0	0.13504112616114908	0.0	0.0	0.0	0.24412572474824534	25.096993210475265	0.005477951246233908	0.9676915873263617	0.0	0.0	0.271665308340125	0.0	0.0	0.0	0.0	0.0	0.0	0.0	0.0	0.0	0.0	0.0	0.04827549214182267	0.13180192054227077	0.0	0.0	0.004451963315822278	0.0	0.0	0.0	2.7347032312275608	0.0	0.04166088043327316	0.01973164956590371	0.15189608212864028	0.0	0.0	0.0	0.02998372312173392	0.024928952485416565	0.0	0.0	0.0	0.02993514052885415	0.013336296954878863	0.0	0.08927242969796162	0.0	40.9148665819568	1.4256619144602851	0.0	0.0	0.5439956480348157	0.008637070305752288	0.0	0.0	0.0	0.0	0.0	0.0	20.54794520547945	2.9356165906816414	0.0	0.0	0.0	0.0	0.0	0.0	0.0	0.0	0.0	0.022760378732702112	0.0	0.7166427785740476	0.0	0.0	0.0	0.33026657230478884	15.208123772572687	0.013404825737265418	0.014637002341920375	0.11010072177139829	0.0	0.0	0.0	0.7518796992481203	0.0	0.1118715451434588	0.0	23.25930737688279	0.0	NA	0.0	0.0	0.0387232394755767	0.37253858435337944	2.2901326754514924	0.0	0.0	0.04768148766241506	0.04071661237785017	0.036677454153182305	0.0	0.0	0.026996798950981525	0.0	0.0	0.07010437762891417	0.0	0.0	0.0	0.0	0.0	1.030221164895869	0.0	0.01742403122386395	0.0	0.0	0.0	0.5935849262103142	0.03647564237659075	0.026272331481759496	45.10233918128655	0.0	0.0	0.0	0.0	0.03242936478981718	0.0	0.0	0.0	0.0	0.0	0.0	0.0	0.08136696501220504	0.0	0.0	0.0	0.0	0.00882223202470225	0.0	0.0	0.010844222740335085	0.0	0.0	0.0	0.0	0.0	0.0	0.0	0.24980992722928208	0.0	1.0236437581857034	0.0	0.0	0.09138951801962888	0.07422068283028203	0.21568903268157735	0.10071338648762064	0.0	0.0	0.0	0.0	0.0	0.0	0.004638003803163119	0.3497668221185876	0.0	0.0	0.0	0.0	NA
NA19657	0.019152196118488254	0.0	0.36222509702457956	0.0	NA	1.6251241051366463	0.0	0.0	0.0	0.0	0.022539444027047332	0.0	0.0	0.008530603540200469	2.7625520719140537	0.0	0.015413070283600493	0.0	0.0	0.0	0.0	0.0	0.0	0.0	0.0	0.3234850118611171	0.0	0.0	0.0	0.013310705134604505	0.0	0.0	0.0	0.0	0.0	0.02775464890369137	0.0	0.0	0.0	30.03584229390681	0.0	0.011573181081706659	0.023484285099221104	0.0	0.0	1.6538818586016513	0.0	0.0	0.012653022490747477	0.07531065645788879	0.0	15.292302417280986	18.818487909397	0.0	0.03792804508019073	0.21116648365571417	0.13871374527112232	0.0	0.09377240884770258	0.0	0.0	0.0	3.7937624527304514	0.0	0.0	0.0	0.6445012787723785	0.0	0.0	0.0	0.0	0.0648009396136244	NA	0.0	18.667482285772543	0.0	0.15748031496062992	0.0	0.02396453249191197	NA	0.0	0.0538089015297102	0.0	0.011356323579513192	0.0	0.0	0.0	0.0	0.06525995214270176	0.0	0.0	0.0	0.0	0.0	0.024485798237022526	0.0	0.0	0.0824589251479107	0.0	0.0	0.24574791437625298	0.0	0.0	0.0	0.0	0.0	0.0	0.0	0.0	0.043591979075850044	0.0	0.2229010154379592	0.0	0.09143553794574825	0.0	0.0	34.01001112347053	0.0	1.3064133016627077	0.0	0.0	0.0	0.016711928138709004	0.0	0.06309148264984228	0.0	0.0	0.0	0.03664154103852596	0.0	0.0	0.0	0.0	0.19992003198720512	0.07334066740007333	0.0	0.0	0.02923050690570726	0.0	0.0	0.0	3.3539412673879445	0.0	0.031581321903902546	0.0	0.128026718619538	0.0	0.0	0.0	0.0	0.08586966892472092	0.0	0.0	0.0	0.009900663344444078	0.004571637560574198	0.0	0.058603765291920004	0.0	43.78713510720744	1.0320478001086366	0.0	0.0	0.0	0.0	0.0	0.0	0.0	0.0	0.0	0.01690474178006931	25.74365932574888	2.6194909993792677	0.0	0.0	0.0	0.0	0.0	0.0	0.0	0.0	0.0	0.0	0.25029051577724143	0.5157574990507531	0.0	0.0	0.0	0.2254459909821604	14.68799840510367	0.0	0.09316770186335403	0.0	0.0	0.0	0.0	0.0	0.0	0.02323060244695679	0.0	23.203779257032426	0.0	NA	0.054369315935152235	0.0	0.0	NA	4.481559854897219	0.0	0.018381226640524478	0.01285016705217168	0.08615384615384615	0.12153508156873745	0.0	0.0	0.0	0.0	0.0	0.02274364125696524	0.0	0.0	0.0	0.0	0.0	0.9956496389648831	0.0	0.0	0.0	0.0	0.0	0.4482243420296518	0.022973718066531888	0.0038927167270037762	40.057002537804934	0.0	0.0	0.029631824579598485	0.0	0.0	0.0	0.0	0.0	0.0	0.0	0.0	0.0	0.06657156443176414	0.038773466024750396	0.010242228708967072	0.04698696111828968	0.0	0.0	0.013082155939298797	0.0	0.01110370863868532	0.0	NA	0.0	0.0	0.0	0.0	0.0	0.32066508313539194	0.04361370716510903	1.1510094613722714	0.0	0.0	0.05816884476674293	0.0	0.5782591809433392	0.009957184108334164	0.0	0.0	0.0	0.0	0.08841732979664013	0.005140066820868671	0.0	0.7825507825507826	0.0	0.0	0.0	0.0	NA
NA19661	0.0	0.0	0.36481134042109653	0.0	0.0	2.389533448531227	0.0	0.0	0.0	0.05373899384068455	0.0	0.03325942350332594	0.0	0.0	4.893266250789172	0.0	0.06400682739492213	0.18163804491413474	0.1208605269518975	0.0	0.1888162672476398	0.0	0.0	0.0	0.0	0.00838539264601065	0.01508409382306358	0.01857096429732114	0.10726203718417289	0.016890750624957773	0.0	0.0	0.0	0.0	0.0	0.06938220924517938	0.0	0.0	0.0	27.470686767169177	0.04025602834024395	0.0	0.0	0.025086758372705607	0.0	3.3478021007453473	0.0	0.0	0.14501510574018128	0.0	0.0	17.369646747823104	18.04766609039269	0.0	0.013590033975084938	0.14414562826901692	0.2658279980530907	0.0	0.1462960500066498	0.0	0.04246026931942254	0.0	6.031283668339861	0.0	0.0	0.06038386888074186	0.8483033932135728	0.0	0.0	0.08367095296811697	0.06285355122564425	0.11129218172423387	NA	0.0	25.607241639426704	0.04557261996992207	0.2066772655007949	0.0	0.05348002139200855	0.0	0.04935312158494024	0.047207495097683204	0.06032575909913533	0.0	0.0	0.07281332483844544	0.0	0.0	0.0	0.0	0.036439828732804956	0.2967359050445104	0.0	0.0	0.0	0.08436570312153101	0.0	0.07962951321221265	0.0	0.010369141435089173	0.4284365696027885	0.0	0.0	0.0	0.020242914979757085	0.0	0.0	0.0	0.0	0.11573538262117494	0.0	0.10741934288995073	0.0	0.0	0.0	0.11210762331838565	28.75536480686695	0.004965243296921549	1.0971281058405937	0.0	0.003941197335750601	0.0	0.05215856202856684	0.006677350427350428	0.0	0.0	0.0	0.0	0.046875	0.0	0.019120458891013385	0.0	0.0	0.18796037592075182	0.06620011348590883	0.0	0.0	0.0	0.0	0.0	0.004159733777038269	4.533081697092876	0.0	0.027212118463422377	0.0	0.06176016469377251	0.0	0.0	0.0	0.0	0.0	0.09454774661203907	0.0	0.0	0.0	0.05741288698494016	0.0	0.029924440787012792	0.0	33.43207786711807	1.017249004865104	0.04579326422713459	0.0	0.05936479667557139	0.0	0.1095890410958904	0.0	0.0	0.015727598002595055	0.00643707756678468	0.0	22.29649840836744	2.9746181233490296	0.0	0.0	0.13175230566534915	0.0	0.0	0.0	0.0	0.0	0.0	0.0	0.004606384448846101	0.9947861689537152	0.0	0.0	0.0	0.13089005235602094	20.131996316381866	0.0	0.09839752600506045	0.12179818409980069	0.0	0.0	0.0	0.026057500217145837	0.0	0.03893322951138797	0.0	29.887565027689213	0.044004400440044	0.0	0.013304949441192123	0.0	0.0	NA	6.247331720506617	0.0	0.0	0.06409135931946629	0.0	0.4176074975113507	0.0	0.05623080583070202	0.0	0.0	0.0	0.15872443274052161	0.0	0.0	0.04481290611696168	0.0	0.02096729102599944	1.9186150276637515	0.0	0.04031039000302328	0.0	0.0	0.03574445960876064	0.3911130425335434	0.06906077348066297	0.1419368926738727	53.71358227328683	0.017305529116552736	0.01899094764828765	0.0	0.06926646810279144	0.0	0.0	0.0	0.0	0.0	0.0	0.0	0.0	0.16556291390728478	0.0	0.0	0.04601932811780948	0.0	0.0	0.04183850337696492	0.0	0.047021943573667714	0.0	0.0	0.05297358383952536	0.0	0.0	0.0	0.0	0.30517578125	0.0	2.084446819882416	0.0	0.0	0.06675319859076581	0.0	0.31364349189754315	0.08461538461538462	0.0	0.0	0.03745318352059925	0.0	0.0	0.0	0.0	0.8343079922027291	0.0	0.0	0.07957751573464517	0.0	0.10491177873152122
NA19669	0.07754712479121928	0.0	0.18018018018018017	0.0	0.0	1.74550712662673	0.05721232925695488	0.0	0.012246397518063437	0.0	0.0	0.0	0.0	0.0	5.414690004907574	0.0	0.04650892389977327	0.045604834112415914	0.01223091976516634	0.0	0.0	0.014074595355383532	0.0	0.0	0.0	0.06609385327164573	0.0	0.029151685939170148	0.0	0.022285777959365597	0.0	0.0	0.0	0.0	0.0	0.0	0.0	0.0	0.0	15.158730158730158	0.0	0.0	0.0	0.0	0.22733011716466134	2.7842763480923085	0.0	0.0	0.1663371308414148	0.0	0.0	18.10538664581093	16.56301145662848	0.0	0.02459177650993508	0.028065111057653754	0.6573578746939885	0.0	0.016751354067787147	0.0	0.0	0.0	4.566929133858268	0.0	0.027389756231169543	0.06152972358954941	0.34022988505747126	0.0	0.0	0.06212664277180407	0.11266698857234832	0.0	NA	0.0	18.041862181683975	0.01751576418776899	0.2655314844474416	0.0	0.03205128205128205	0.0	0.0	0.1514308671734965	0.0	0.04903506006794858	0.0	0.0	0.004807692307692308	0.0	0.0	0.0	0.0	0.0	0.0	0.0	0.028880032345636224	0.1086106525328004	0.0	0.004754433509247373	0.0	0.0	0.2501495459241938	0.0	0.0	0.0	0.0	0.0	0.0	0.0	0.0427243025885901	0.05790627455846465	0.0	0.28133634765134385	0.0	0.0	0.0	0.0	20.208070617906685	0.05417705060136527	0.8037428023032629	0.0	0.02174953238505372	0.0	0.034223134839151265	0.0	0.0	0.0	0.0	0.0	0.06080707573244887	0.0	0.0	0.0	0.0	0.10118612625779977	0.0	0.0	0.0	0.01553679631260034	0.0	0.0	0.0	3.7293950921160586	0.0	0.11007620660457239	0.0	0.01572409455422192	0.0	0.0	0.0	0.00883977900552486	0.03421811604829643	0.0	0.0	0.0	0.0067087079028579095	0.08549566109519942	0.02287701317715959	0.20199688347665493	0.0	29.955710642866727	1.4232008592910848	0.0	0.031199478117820572	0.0	0.0	0.0	0.0	0.0	0.0	0.0	0.0	24.7388319570192	2.08655902086559	0.0	0.0	0.0	0.0	0.0	0.0	0.0	0.0	0.05647803004631199	0.0	0.08886394462373134	0.6977535738597685	0.0	0.0	0.0	0.0	16.271664230528295	0.0	0.10141520306089521	0.07986884694606751	0.0	0.0	0.0	0.041999160016799666	0.0	0.0	0.05186721991701245	17.415724608825986	0.0	NA	0.02365744026496333	0.0	0.0	0.0	2.629643895094366	0.0	0.0	0.0	0.22999080036798528	0.23495160507699775	0.0	0.0	0.0	0.0	0.0	0.020747748869247684	0.0	0.042269893268519494	0.0	0.0	0.0	1.6848365483738603	0.0	0.0	0.0	0.0	0.0	0.7583893020897403	0.0	0.13390272148233934	40.927750410509034	0.0	0.0	0.033291718684977115	0.04238186056367875	0.0	0.0	0.0	NA	0.0	0.025372431041357064	0.0	0.0	0.20602823349866461	0.0	0.0	0.0634957284691757	0.0	0.0	0.02073255010366275	0.0	0.0	0.0	0.0	0.0	0.014980151299528127	0.057312064189511895	0.0	0.0	0.2541757443718228	0.017913656177225772	1.8085859561047821	0.0	0.0	0.013338668800853673	0.0	0.8006721692284882	0.0	0.0	0.023486307482737563	0.0	0.0	0.0	0.004250797024442083	0.009271277582050807	0.5870586188902418	0.0	0.0	0.0	0.0486363126192525	NA
NA19702	0.0	0.0	0.0	0.0	0.0	0.5152719145766079	0.0	0.0	0.008888098835659053	0.0	0.0	0.0	0.0	0.0	2.2544018430146453	0.0	0.0	0.006548359635911205	0.02203128442388191	0.0	0.0	0.0	0.0	0.0	0.0	0.0	0.0	0.0	0.0	0.0	0.0	0.0	0.0	0.0	0.0	0.0	0.04887585532746823	0.0	0.0	8.153360834748847	0.0	0.0	0.0	0.0	0.17675153247339326	1.3579697239536954	0.0	0.0	0.02831613390385099	0.0	0.0	8.459242678604738	0.0	0.0	0.0	0.0	0.004690871563936579	0.0	0.014160962945480292	0.0	0.0	0.0	2.0315826827537258	0.0	0.0	0.0	0.3445036016285625	0.0	0.0	0.0	0.0	0.009328358208955225	NA	0.0	8.289304949987176	0.0	0.08097530253272751	0.0	0.0	NA	0.0	0.0	0.0	0.0	0.013161358252171624	0.0	0.0313594313489782	0.0	0.0	0.0	0.0	0.0	0.0	0.0	0.0	0.1583531274742676	0.0	0.010108497877215445	0.0	0.0	0.26510394865355097	0.0	0.0	0.0	0.0	0.009453582907922102	0.0	0.07674106286372066	0.0	0.023979665243873197	0.0	0.006882786151834262	0.0	0.0	0.0	0.0	20.0836820083682	0.0	0.6530773797743914	0.0	0.0	0.0	0.0	0.0	0.0	0.0	0.0	0.0	0.0	0.0	0.0	0.0	0.0	0.08968609865470852	0.0	0.0	0.0	0.0	0.0	0.0	0.0	1.279026449770272	0.0	0.0	0.0	0.0	0.0	0.0	0.0	0.0	0.033967391304347824	0.0	0.0	0.0	0.0	0.0	0.0	0.0	0.028851702250432775	22.778714182518662	0.1318217769575534	0.0	0.04700194722352783	0.0	0.0	0.0	0.0	0.0	0.0	0.0	0.01845444059976932	13.250517598343686	0.5214007782101168	0.0	0.0	0.0	0.0	0.0	0.0	0.0	0.0	0.0	0.0	0.0	0.25618792369541227	0.058331713007972	0.0	0.0	0.04969355640218651	6.672737390600496	0.0	0.0	0.02353384166431328	0.0	0.0	0.0	0.0	0.0	0.030095100517635726	0.0	12.144375250370546	0.0	0.0	0.04015056461731493	0.0	0.0	0.0	0.5537017344431814	0.0	0.0	0.0	0.06282985674792661	0.21506892782850898	0.0	0.0	0.0	0.0	0.0	0.0	0.0	0.0	0.04337539432176656	0.0	0.0	0.7007535741953659	0.0	0.0	0.0	0.0	0.0	0.25419112751921563	0.0	0.08287063893262617	25.24513390897117	0.0	0.0	0.0	0.0	0.0	0.0	0.0	NA	0.0	0.0	0.0	0.0	0.07396449704142012	0.0	0.0	0.0	0.0	0.0	0.0	0.02807510089489384	0.0	0.0	NA	0.0	0.0	0.0	0.0	0.0	0.1884760366182014	0.0	0.5189413596263622	0.0	0.0	0.035123321885732126	0.0	0.16171417020416412	0.0	0.0	0.0	0.0	0.0	0.0	0.0	0.0	0.0990544799639802	0.0	0.0	0.0	0.0	0.0
NA19703	0.0	0.0	0.08515711487694796	NA	0.0	0.41508128675198896	0.0	0.0	0.0	0.08184561870172388	0.0	0.0	0.0	0.0	1.4812691131498472	0.0	0.0	0.09940357852882703	0.0	0.0	0.0	0.0	0.0	0.0	0.0	0.0	0.0	0.0	0.0	0.05068818965181113	0.0	0.0	0.0	0.0	0.0	0.0	0.0	0.0	0.0	10.578474302834755	0.0	0.0	0.07957781873010554	0.0	0.147296263773617	1.0289481226712525	0.0	0.0	0.0	0.0	0.0	7.97487628473544	10.685892439594701	0.0	0.0526592943654555	0.0	0.0	0.10356561621541649	0.0	0.0	0.0	0.0	0.9043173862310384	0.0	0.0	0.0	0.19945602901178605	0.0	0.0	0.0	0.0	0.0	NA	0.0	6.172977817611472	0.0	0.00457268279299465	0.0	0.0	NA	0.0	0.0	0.0	0.0	0.0	0.0	0.0	0.16366612111292964	0.0	0.0	0.0	0.0	0.0	0.0	0.0	0.037116463213460904	0.0	0.027570304275903554	0.0	0.0	0.26626612958284973	0.0	0.0	0.0	0.0	0.0	0.0	0.0	0.0	0.04683402023229674	0.0	0.15991471215351813	0.0	0.0	0.0	0.09961576775295289	18.827466534457116	0.04754465801806697	0.6787138372783574	0.0	0.0	0.0	0.0	0.0	0.0	0.0	0.0	0.0	0.0	0.0	0.0	0.0	0.0	0.03376325207644	0.0	0.0	0.0	0.0	0.0	0.0	0.0	0.9879640882894891	0.0	0.0	0.0	0.054426705370101594	0.0	0.0	0.0	0.0	0.0	0.025490695895997964	0.0	0.0	0.08727363401178194	0.0	0.0	0.0	0.0	24.50730113346268	0.12370113805047006	0.0	0.0	0.10604453870625664	0.0	0.0	0.0	0.0	0.0	0.0	0.0	12.524373781310935	1.0669456066945606	0.0	0.0	0.0	0.0	0.0	0.0	0.0	0.0	0.0	0.0	0.0	0.564908759802282	0.0	0.0	0.0	0.0	7.786167925188778	0.0	0.0	0.0	0.0	0.0	0.0	0.0	0.0	0.0	0.0	11.36187574239529	0.0	NA	0.23862788963460105	0.06697923643670461	0.0	0.0	1.031632589646386	0.0	0.0	0.0	0.08679550977896076	0.007934199042606649	0.0	0.0	0.0	0.0	0.0	0.0	0.0	0.0	0.08343182924285615	0.0	0.0	0.48971854348226745	0.07709357232340754	0.0	0.0	0.02613500597371565	0.0	0.0	0.043385830187860644	0.0	21.683748169838946	0.0	0.0	0.0	0.0	0.0	0.0	0.0	0.0	0.0	0.0	0.0	0.0	0.08224650452355775	0.03047644847787071	0.0	0.0	0.0	0.0	0.0	0.0	0.0	0.0	0.012370113805047007	0.0	0.0	0.0	0.0	0.0	0.07480364044383493	0.0	0.7494297816878462	0.0	0.0	0.0	0.0	0.062344139650872814	0.0	0.0	0.0	0.0	0.0	0.0	0.0	0.0	0.19383259911894274	0.0	0.0	0.0	0.0	0.0
NA19707	0.0	0.0	0.43415340086830684	0.0	NA	1.1416262789445342	0.0	0.0	0.0	0.0	0.0	0.0	0.0	0.031096138896087068	4.175487261843931	0.0	0.0	0.014114326040931546	0.0	0.0	0.1770172591827703	0.0	0.0	0.0	0.0	0.029293605624372276	0.0	0.04815100154083205	0.0	0.024539877300613498	0.0	0.0	0.0	0.0	0.0	0.029269244528277342	0.02837799489196092	0.0	0.0	37.481031866464335	0.008555783709787816	0.0	0.0	0.0	0.05216964340514331	2.158506102043817	0.0	0.0	0.02777949256126921	0.0	0.0	14.259501823429174	0.040783034257748776	0.0	0.0	0.14268328507281045	0.5669737774627923	0.0600739371534196	0.031486146095717885	0.0	0.0	0.0	2.538853956578479	0.020514223194748358	0.0030803351404632825	0.0	0.36678019386953103	0.0	0.0	0.02418028822903569	0.0	0.13752376329733446	NA	0.0	19.905066556598904	0.02506963788300836	0.41150517563210587	0.0	0.0423044381201446	NA	0.021551724137931036	0.014179369018078695	0.0	0.025615691440699674	0.0	0.0	0.0	0.0	0.0	0.0	0.0	0.0	0.0	0.0	0.06353240152477764	0.15318446945148176	0.0	0.0	0.0	0.0	0.0	0.0	0.0	0.0	0.0	0.0	0.0	0.032722513089005235	0.04170605571929044	0.03507233669443227	0.0	0.17522724783703866	0.0	0.14513788098693758	0.0	0.21767522855899	27.94425087108014	0.0	0.37821482602118006	0.0	0.0	0.0	0.0	0.0	0.025075225677031094	0.0	0.01974853531696399	0.0	0.021029388570527312	0.0	0.0	0.0	0.0	0.33793141654201986	0.0	0.0	0.0	0.0	0.0	0.0	0.0	1.9714163987760953	0.0	0.10602654904788159	0.016231131309852296	0.0	0.0	0.03914405010438413	0.0	0.022331397945511387	0.004759185227489054	0.0	0.0	0.0	0.02041316240712011	0.0	0.05061427322504946	0.0	0.0	37.56538278649548	1.5693112467306016	0.0	0.0	0.34843205574912894	0.0	0.0	0.0	0.0	0.016336532570961813	0.0	0.03011529857167441	21.469055672364934	4.739652870493992	0.0	0.0	0.1128668171557562	0.0	0.0	0.0	0.0	0.0	0.0	0.1249290176036343	0.031521592290719144	0.9453203405743145	0.0	0.0	0.0	0.3569928601427972	15.045453904567289	0.0	0.04341623767288966	0.07513853667699821	0.0	0.0	0.0	0.13749999999999998	0.0	0.006917064397869544	0.014370913271538407	21.770315755730085	0.0	NA	0.10476140589806715	0.0	0.0	NA	2.273231315147483	0.0	0.0	0.030400680975253846	0.012387736141220192	0.14088872608413874	0.0	0.0	0.0	0.0	0.0	0.03938558487593541	0.0	0.0	0.0	0.0	0.0	0.5446842848497075	0.022922344191732676	0.0	0.0	0.0	0.0	0.12513407222023595	0.05047530916126861	0.0	51.34254775948587	0.0	0.01422070534698521	0.0	0.0956998851601378	0.0	0.0	0.0	0.0	0.0	0.0	0.02225849532571598	0.0	0.4268115239111456	0.02712886209495102	0.0	0.0	0.0	0.0	0.007803355442840422	0.0	0.044099002260073863	0.0	0.2916440586001085	0.03928290836368831	0.0	0.0	0.0	0.0	0.5550416281221091	0.0	1.235065109410659	0.02006823198876179	0.0	0.05101111313536163	0.0	0.07505942204245027	0.03328525463219794	0.0	0.037988508476185956	0.0	0.0	0.0	0.0	0.03186235462800701	0.5038589195025392	0.0	0.0	0.02564891761567662	0.0	NA
NA19713	NA	0.0	0.4905043390768457	NA	0.0	0.9008597036766051	0.0	0.0	0.0	0.03135779241141424	0.009742157563161656	0.0	0.0	0.0	4.930611155591139	0.0	NA	0.018397007420126326	0.017734689051785293	NA	0.0	0.02916940129803836	0.0	0.0	0.0	NA	NA	NA	0.029847776340662623	0.0	0.0	0.0	0.0	0.0	0.0	0.031109037175299427	0.0	NA	0.0	17.482771128037722	NA	0.0	NA	0.0	0.0	2.955904854639032	NA	0.0	0.0	NA	0.0	11.734028683181226	15.82749929991599	0.0	0.022139567835635848	0.1561048132317413	0.25514692943867673	NA	0.0403368123834014	0.0	NA	NA	3.2971606533841906	NA	0.0	0.0	0.5134560906515582	0.0	NA	NA	0.0	0.0	NA	0.0	18.41865311970822	0.0	0.23184503776830456	0.0	NA	0.0	NA	0.052618546490033426	0.010890873448050535	0.049270792274339774	NA	0.018070112034694615	0.0	NA	NA	NA	0.02956580503463423	0.0	0.0	0.0	0.03546099290780142	0.003929890749037177	NA	0.07177693935768842	0.0	0.013952839402818475	0.5419466724474311	NA	0.0	0.0	0.0	NA	NA	0.045774970246269336	0.02354754463330051	0.09828639801717876	NA	0.04585052728106373	0.0	0.05305039787798408	0.0	0.027624309392265196	23.899242269096867	0.06533507560201605	NA	0.0	0.020429843915992483	0.0	0.01880972086374238	0.0	0.11109568115539507	NA	0.0	0.0	0.029344158067198124	0.0	0.0	0.0	0.0	0.1374502969908203	0.04854705596782024	0.0	0.0	0.05479683021412915	0.0	0.004477077363896848	0.0	2.422248616684727	NA	0.10182900560059532	0.0	0.09825480746736537	0.0	0.0	NA	0.030776332999923058	0.0	0.0	0.0	NA	0.0	0.020070648683365444	0.0169061707523246	0.0	0.0	34.50204638472032	0.9589566551591868	NA	0.0	0.29875717017208414	0.0	NA	0.0	NA	NA	NA	NA	NA	2.4519489850907132	0.0	0.0	0.0	0.0	0.0	0.0	0.0	0.025583775234905574	0.049554013875123884	0.0	0.023823704586063133	0.8413929394855826	NA	0.0	0.0	0.16718680338831923	15.453361476624602	0.0	0.14299332697807435	0.13489587724475172	0.0	0.0	NA	0.06007552351527635	NA	NA	0.0	NA	0.0	NA	0.18484288354898337	0.0	0.0	0.055772448410485224	1.6541894144954068	NA	0.0	NA	0.0357489402992697	0.28646799389967437	0.0	NA	0.0	0.0	0.0	NA	NA	0.0	0.0	0.0	NA	1.0972962305111507	0.0	NA	0.0	0.0	NA	0.08975317875841436	NA	0.01660467587672689	41.45982577396833	0.0	0.0	0.0	0.0	0.0	NA	0.0	NA	0.0	0.0	0.028374831524437823	0.0	0.0371774853148933	NA	0.0	0.012833675564681726	0.0	0.0	0.0	NA	0.04779429336137265	0.0	0.05471207769115032	0.021408691928923144	0.0188197900547865	0.0	NA	0.0	0.4291406968427506	0.0	NA	0.0	NA	0.09575065209495823	0.0	NA	0.023299161230195712	0.0	0.0	0.0	0.0	0.0	0.0	0.0	0.34609802389192806	0.0	0.0	0.0	NA	NA
NA19716	0.010905125408942203	0.0	1.029678982434888	0.0	NA	1.2865841681398547	0.0	0.0	0.01299545159194282	0.018963097811658513	0.0	0.020021022073176836	0.0	0.004227436060029593	5.683873660776402	0.0	0.02389058113838619	0.10010599458249911	0.06212337702677517	0.0	0.07201152184349496	0.0	0.0	0.0	0.0	0.051656997536358586	0.0	0.008933357155619081	0.0	0.01194885888397658	0.0	0.0	0.0	0.05876303804906713	0.0	0.03894730985366939	0.0	0.060471037555697014	0.0	18.12320916905444	0.07272727272727272	0.0	0.0	0.0	0.0	1.5003884141604706	0.0	0.015513496742165683	0.15131616513447155	0.0	0.0	19.786598378147673	18.0324126911664	0.0029887324785558443	0.03774851103095378	0.011286257100936758	0.28786724240115147	0.0	0.06257169673584316	0.0	0.0	0.0	3.5374481580873383	0.0	0.04248088360237893	0.0	0.3360258481421648	0.0	0.0	0.0	0.0	0.0	NA	0.0	22.459546925566343	0.003907394744554068	0.32172530246299347	0.0	0.048293027229837665	0.0	0.02679259184835393	0.0	0.0	0.0	0.0	0.04082049188692724	0.0	0.0	0.0	0.016043638697256536	0.0	0.0	0.0	0.0724112961622013	0.0	0.0	0.0	0.04480955937266617	0.0	0.0	0.1724851662757003	0.06188118811881188	0.0	0.0	0.0	0.012483615254977841	0.0	0.0	0.0	0.0	0.0	0.15644011819920042	0.0	0.0	0.0	0.0	20.0	0.010079629069650237	1.770293609671848	0.0	0.03626838605682047	0.0	0.05064023728568329	0.039956969417550336	0.0	0.016802957320488407	0.0	0.0	0.0	0.0	0.0	0.0	0.0	0.14196896264747638	0.0	0.0	0.0	0.03513848697809012	0.0	0.0	0.0	2.913635256030912	0.0	0.016550126194712234	0.0	0.08175042077422458	0.0	0.06640736173038611	0.0	0.0	0.0	0.0	0.0	0.0	0.03154474622251664	0.0	0.0	0.0	0.0	35.92553472405598	0.6664328305857594	0.0	0.0	0.12061271257990593	0.0	0.0	0.03535373374710296	0.0	0.0	0.04174618320610687	0.03347000251025019	33.25818856915529	2.6243567753001718	0.0	0.0	0.0	0.0	0.0	0.0	0.0	0.0	0.0	0.01258970162407151	0.0895675168472234	1.2774476468905906	0.0	0.0	0.0	0.16757155305315372	20.475519389007594	0.0	0.08411545953603683	0.04150755437489623	0.030273674013078226	0.0	0.0	0.07619628162145688	0.0	0.023196474135931337	0.01177093755517627	26.382806462297133	0.0	NA	0.0	0.0	0.0	0.1040943789035392	2.412331153252046	0.0	0.0	0.02622744439781788	0.020254190085573956	0.2142799385461308	0.0	0.011723787564969324	0.0	0.0	0.0	0.04651317319512276	0.0	0.0	0.0	0.0	0.0	1.2885120847414084	0.0018783575641459107	0.0	0.0	0.0	0.0	0.390248846992043	0.05543456741239358	0.1213332381700093	45.76421655273169	0.0	0.03625815808556925	0.0	0.012785271367384771	0.0	0.026938848813194048	0.0	0.0	0.0	0.0	0.0	0.0	0.181721814189445	0.0	0.0	0.0	0.0	0.04174493842621582	0.0	0.0	0.0	0.0	0.0	0.0	0.0	0.0	0.0	0.0	0.4382303839732888	0.0	1.737207833228048	0.0	0.0	0.040919320739275726	0.0	0.4667099899568736	0.0	0.0	0.016057808109193095	0.008171269815329302	0.0	0.0	0.0	0.0043950248318903005	0.851923762729326	0.0	0.0	0.04024504762330636	0.10444227823422922	NA
NA19721	0.06814131460320788	0.0	0.641025641025641	0.0	0.0	0.9444473921579032	0.0	0.0	0.01907377737087053	0.02373136099355298	0.11323826037722495	0.03585330874820734	0.0	0.0	5.0509990219365655	0.0	NA	0.041617122473246136	0.0	NA	0.0	0.0	0.0	0.0	0.0	NA	NA	0.0561298470461668	0.0	0.05682679193817245	0.0	0.0	0.0	0.0	0.0	0.011109259567849802	0.0	NA	0.0	23.493044822256568	NA	0.026893080794498442	NA	0.00867942542203706	0.0	1.8905445531068674	0.0	0.02842075346575299	0.04648055079452692	0.005557408024897187	0.0	22.074468085106382	40.58273992291109	0.0	0.0767893949803985	0.1918158567774936	0.17724050172695874	NA	0.16341538147278112	0.0	0.0	NA	3.3364680868463017	0.0	0.0	0.0	0.48852533515110197	0.0	NA	NA	0.0	0.03157437739274579	NA	0.0	25.13747054202671	0.007048540952022932	0.5339992316557818	0.0	NA	NA	0.003304801877127466	0.017000442011492298	0.01796428699744907	0.053663423010875795	0.0	0.053253807647246784	0.026445698166431594	0.258732212160414	0.0	0.0	0.0	NA	0.0	0.014134275618374558	0.036681863438662685	0.04291026985791933	0.006808278867102397	0.057085445494816645	0.0	0.0	0.2787363950092912	0.0	0.0	0.0	0.0	0.0	0.0	0.0	0.017027073046143367	0.10673307835986835	NA	0.13344008540165467	0.0	0.0	0.0	0.0	19.933692498963946	0.0779510022271715	1.9717187811192989	0.01074575542660649	0.0	0.0	0.0	0.0	0.049097827421136615	NA	0.0	0.0	0.031942078364565585	0.0	0.0	0.0	0.0	0.3398300849575212	0.0	0.0	0.06286891830533338	0.007868233319345363	0.0	0.0	0.0	1.113322726596421	0.0	0.02863454143827211	0.0	0.014494154024543435	0.0	0.0	0.0	0.0	0.0	0.0	0.0	0.0	0.0	0.0735516808722364	0.0	0.0	0.0	37.24815724815725	0.9253139458030404	NA	0.0	0.3506311360448808	0.0	NA	0.0	NA	NA	NA	0.05557099194220616	29.912508867344528	1.2497633024048476	0.0	0.024766779493106583	0.0	0.0	0.0	0.0	0.0	0.0	0.017403411068569442	0.05915409642117716	0.1609935602575897	0.47004700470047006	0.0	0.0	0.0	0.031210986267166042	18.99467328985797	0.0	0.0644361833952912	0.1377697991900806	0.0	0.0	0.0	0.031019775106630475	NA	0.0	0.0	NA	0.0	NA	0.0	0.006749915626054674	0.0	NA	2.1848441926345608	NA	0.0	NA	0.0	0.14380997247774666	0.0	NA	0.0	0.0	0.0	NA	0.0	0.0	0.0	0.0	NA	1.0825373499877542	0.0	NA	0.0	0.0	0.0	0.28144620047629354	NA	0.10259792605620902	40.9028993967698	0.0	0.0	0.022923511882020325	0.0	0.0	0.0	0.0	0.0	0.0	0.0	0.0	0.0	0.2466471404347156	0.0028548589699668833	0.0	0.04992822817200275	0.015780337699226762	0.014141271300289896	0.02738413089614568	0.0	0.0	0.0	NA	0.0	0.014876893704594479	0.0	NA	0.0	0.2835753176043557	0.0	1.7538517751659461	0.0	NA	0.0466262572437221	0.0	0.34280621164855507	0.07110479068527242	0.0	0.016921905406548778	0.01541901164135379	0.0	0.007870297497245396	0.008890864636585907	0.0	0.5516342879039391	0.0	0.0	0.0	0.02452612031813882	NA
NA19728	0.054487004849343434	0.0	0.1786777843954735	0.0	0.0	0.7219272293970822	0.0	0.0	0.018706157443491814	0.027543873455575667	0.0	0.0	0.0	0.0	3.2398087569199796	0.0	0.03160556257901391	0.09154841662852149	0.02291213197388017	0.0	0.0	0.0	0.012097018085042037	0.0	0.0	0.0641573994867408	0.0	0.04738887309259786	0.0075838010010617326	0.0	0.0	0.0	0.0	0.0	0.0	0.02838248233190475	0.0	0.003034532985373551	0.0	29.31654676258993	0.06870367022238294	0.0	0.0	0.0	0.0	1.5939375920545105	0.0	0.0	0.0	0.0	0.0	13.22664555530423	17.271319544298198	0.0	0.0379452639567424	0.06868426701008801	0.05477117818889971	0.06743088334457181	0.06305170239596469	0.0	0.0	0.0	2.6630675637564964	0.0	0.022171474181318318	0.0	0.8072174738841407	0.0	0.0	0.0	0.0	0.01207389222038878	NA	0.0	23.922560344539217	0.0	0.16251354279523295	0.0	0.0	NA	0.0	0.014013943874154784	0.003915273481852707	0.06008938295714876	0.0	0.03420850081245189	0.0	0.0	0.0	0.0	0.0	0.0	0.0	0.0	0.0	0.052070816310181844	0.0	0.0036710045704006905	0.0	0.0	0.3564154786150713	0.0	0.0	0.0	0.04918839153959665	0.04018754186202277	0.0	0.0	0.029104818926447965	0.026452693765981833	0.0	0.12634238787113075	0.0	0.0	0.0	0.0	28.7052456286428	0.04783258594917788	2.2963760315751705	0.0	0.0	0.11787819253438114	0.0	0.0	0.0	0.0	0.0	0.0	0.0	0.0	0.0	0.0	0.0	0.0	0.0	0.07204610951008646	0.0	0.0	0.0	0.0	0.0	2.4011151768600802	0.0	0.03788835564536499	0.009376465072667603	0.08626266982963122	0.0	0.0	0.0	0.03436869012329768	0.015020277374455515	0.017901897601145723	0.0	0.0	0.0	0.02485913158766987	0.045553935860058306	0.023091488477347252	0.0	47.60121694359935	0.574300071787509	0.0	0.0	0.0	0.0	0.0	0.0	0.0	0.0	0.032624298577580584	0.0	27.238253792082872	2.5513738166705147	0.01708963513628984	0.0	0.0	0.0	0.0	0.0	0.0	0.0	0.01467782181124321	0.0	0.017665173520002086	0.5097504593681466	0.03130086390384374	0.0	0.0	0.12598191788943233	13.188040686886664	0.0	0.05034401745259272	0.04848830576155163	0.0	0.0	0.0	0.0	0.0	0.02053528646724622	0.0	20.765563656758275	0.0	0.0	0.0	0.0	0.0	NA	4.430941489724859	0.0	0.0	0.04518525956421328	0.04540552812304898	0.16701545396007728	0.0	0.0	0.0	0.0	0.0	0.10668318535343108	0.0	0.0	0.0	0.0	0.05170036764705883	1.017806752943466	0.0	0.018002340304239552	0.0	0.0	0.0	0.33657239020682916	0.09516089239770203	0.0	37.396012148422024	0.0	0.0	0.0	0.0	0.0	0.0	0.0	0.0	0.0	0.0	0.0	0.0	0.06203823811403756	0.0	0.06782419967444384	0.0	0.0	0.0	0.0	0.0	0.030159847190107572	0.0	0.0	0.0	0.0	0.0	0.0	0.0	0.3313086692435119	0.0	1.2493851451057552	0.03601378813602922	0.0	0.06576351440220965	0.0	0.5595679614809032	0.0	0.0	0.03766005523474768	0.0	0.0	0.0	0.0	0.0	0.4099358714181346	0.0	0.0	0.0	0.0	NA
NA19729	0.04636989931107578	0.0	0.19393511988716503	0.0	NA	1.2857059747512944	0.0	0.0	0.011501744431238739	0.004768944632552816	0.0	0.0	0.003676740936833591	0.0	2.214585719740359	0.0	0.04504842705908852	0.0413147264047007	0.0	0.0	0.0	0.0	0.0194149624644059	0.0	0.0	0.1009701918433645	0.0	0.017885888034340904	0.0	0.0	0.0	0.0	0.0	0.0	0.0	0.0	0.014393321498824545	0.0035656979853806382	0.0	30.03257328990228	0.0	0.01198849104859335	0.008297722275235448	0.0	0.0	1.3045914147746978	0.0	0.0	0.0	0.014031149151115476	0.0	16.31570127911523	15.770585048754063	0.0	0.0	0.09963940026570506	0.07404069018799897	0.0	0.026736946640693635	0.0	0.0	0.0	3.6898088890850507	0.008025038118931065	0.0	0.0	0.22120631175342867	0.0	0.0	0.0	0.0	0.09093389106119851	NA	0.0	21.934733226217517	0.0	0.13557737260402056	0.0	0.05342758507315469	0.0	0.07866843325604504	0.10432968179447052	0.01756697408871322	0.0	0.0	0.0	0.021231422505307858	0.2407318247472316	0.042990581154492516	0.0	0.0	0.0	0.0	0.0	0.0	0.0	0.0	0.031132557984389245	0.004461895413171515	0.0	0.0637551801083838	0.0	0.0	0.0	0.0	0.09115770282588878	0.0	0.0	0.0	0.11206574523720583	0.0	0.054427464936152394	0.0	0.0	0.0	0.0	25.062735257214552	0.02697599136768276	1.20800302000755	0.0	0.07840574975498203	0.0	0.0	0.0	0.0	0.0	0.0	0.0	0.01581361024721944	0.0	0.0	0.0	0.0	0.15779839676828883	0.048256725781155745	0.0	0.003716919417187035	0.0	0.0	0.0	0.0	2.263114936558581	0.0	0.06308535934391227	0.024320544780203075	0.0	0.0	0.06771397616468039	0.0	0.03621688741721854	0.0	0.0	0.0	0.0	0.0	0.01384083044982699	0.0	0.0	0.0	42.5418771603297	0.7194244604316548	0.0	0.012501562695336917	0.07416196974191634	0.041685965724872626	0.0	0.0	0.0	0.0	0.0	0.0	22.868379653906658	0.5518002483101118	0.010472300764477957	0.0	0.0	0.0	0.0	0.0	0.0	0.0	0.0	0.020903010033444816	0.015603869759700406	0.644755984658114	0.028681031083067438	0.0	0.0	0.3102800685882257	12.25511776359234	0.0	0.07604562737642585	0.03941424370130067	0.004721435316336166	0.0	0.0	0.06282985674792661	0.06546014632268002	0.0	0.0	21.75033862017739	0.0	0.0	0.0	0.0	0.044455734789787885	NA	3.640094232084505	0.02221235006663705	0.0	0.07507507507507508	0.0	0.17579412554630466	0.0	0.0	0.0	0.0	0.0	0.06976845593685954	0.0	0.0	0.0	0.0	0.0	0.4689092762487258	0.0	0.0	0.0	0.0	0.0	0.20949263502454993	0.0	0.02340184874605094	41.524141062509464	0.0	0.0	0.0	0.037246722288438616	0.0	0.0	0.0	0.0	0.0	0.0	0.0	0.0	0.048120300751879695	0.027220142905750255	0.0	0.0	0.0	0.009541984732824428	0.009591866097549277	0.0	0.04358383662287529	0.0	NA	0.0	0.0	0.0	0.0	0.0	0.32791559737667525	0.11180211026483125	0.9429867824028407	0.0	0.0	0.0	0.0	0.11457670273711013	0.0	0.0	0.0	0.0	0.0	0.0	0.0	0.0	0.3631261863497565	0.0	0.0	0.0	0.0	0.0
NA19731	0.0	0.0	0.3432297923459756	0.0	NA	1.5375716971128357	0.0	0.0	0.026072220049537215	0.026424733550603367	0.039569768696715704	0.0775147576173156	0.0	0.0	5.870661978290781	0.0	0.0	0.06710846405502895	0.10887908977080953	0.0	0.0	0.0	0.0	0.0	0.0	0.0397377309755613	0.0	0.009873617693522907	0.003948043744324687	0.0	0.0	0.0	0.0	0.0	0.0	0.0	0.008102742778430498	0.054121706186787535	0.0	39.509536784741144	0.04178331174528893	0.0	0.010733836631006476	0.004179903026249791	0.0	3.454715219421102	0.0	0.0	0.09837522213759838	0.0	0.0	14.540860276804688	18.34115619986929	0.0	0.03704879856038954	0.20745232585973034	0.029522909777987716	0.03242542153047989	0.07838833581563064	0.0	0.02673082063619353	0.0	5.059500354637875	0.02834266279316942	0.012078753472641623	0.026818279339197598	0.8162752731382644	0.0	0.0	0.017720285296593277	0.0	0.07800616248683646	NA	0.0	30.71785373519672	0.0	0.1686558428275681	0.0	0.0760051683514479	0.0	0.0	0.08770647566145301	0.06192461709945094	0.05609363898133952	0.0	0.0	0.0	0.19029495718363465	0.051498988412727605	0.0	0.0	0.0	0.0	0.0	0.0	0.08651839788284392	0.0	0.035696839890279185	0.0	0.0	0.0832870627429206	0.0	0.0	0.0	0.0	0.0	0.0	0.0	0.0	0.1281288610259461	0.0	0.13849378649498428	0.0	0.02559508574353724	0.0	0.0	24.276228419654714	0.04105812657633879	1.9954648526077097	0.0	0.0	0.0	0.0	0.0	0.02369106846718787	0.0	0.0	0.0	0.033893381106860986	0.0	0.0	0.0	0.0	0.24415765608650158	0.0	0.0	0.09609012591119946	0.0376034093757834	0.0	0.0	0.0	4.579014624449808	0.0	0.020863759649488837	0.0	0.18887362637362637	0.0	0.0	0.0	0.0	0.02760905577029266	0.0	0.0	0.0	0.0	0.0	0.0	0.06701771182383916	0.0	42.785853764374046	0.9251471825063078	0.0	0.017338534893801473	0.15120967741935484	0.004257855743847398	0.0	0.0	0.016010246557796988	0.07611569585770371	0.0	0.0	28.485819083535674	3.695380774032459	0.0	0.0	0.0	0.0	0.0	0.0	0.0	0.0	0.020876826722338204	0.0	0.049144879103597404	1.0973645118712374	0.0	0.0	0.0	0.24009603841536614	24.25016662963786	0.0	0.08469931742314783	0.06353942206751755	0.01638471306271249	0.0	0.0	0.010257462303826032	0.0	0.0	0.0	24.97254471289614	0.0	0.0	0.0	0.0	0.028669724770642203	NA	3.5818529062015783	0.0	0.0	0.0701631292755657	0.05612022198665586	0.2788026161328191	0.0	0.06655426390984115	0.02442277705761897	0.0	0.0	0.09254815931994242	0.0	0.0	0.0	0.0	0.0	1.7337796396143592	0.0	0.024839430822185163	0.0	0.021010610358230906	0.0	0.44292442251625924	0.0	0.10506485037316136	48.261882170275165	0.0	0.0	0.0	0.013039509714434737	0.0	0.0	0.0	0.0	0.0	0.0	0.0	0.0	0.10364589684184855	0.0	0.0	0.0	0.0	0.008799718409010912	0.0675789829363068	0.0	0.005647803004631199	0.0	NA	0.02400054858396763	0.0	0.0	0.0	0.05110514884374601	0.22517184166864188	0.0	2.334179050380573	0.0	0.0	0.03308215401580592	0.12033694344163659	0.6422454804947668	0.0	0.0	0.04461851172475336	0.0	0.0	0.0	0.0	0.0	1.2050036341379442	0.022885913720105275	0.0	0.0	0.0	NA
NA19732	0.0	0.0	0.05939025999736043	0.0	NA	1.478129713423831	0.008380122349786308	0.039308176100628936	0.011312643764847845	0.04522635792139659	0.0	0.0	0.0	0.0	4.276033959031078	0.0	0.0	0.0	0.023705108450871162	0.0	0.0	0.014215651432226882	0.014619028127010115	0.0	0.0	0.0	0.007210845111047014	0.06499675016249187	0.0	0.0	0.0	0.0	0.0	0.0	0.0	0.0	0.0	0.0	0.0	29.334677419354836	0.06495193556767992	0.0	0.0450755014649538	0.0	0.0	2.556287509131459	0.0	0.0	0.08105096079159771	0.0	0.0	16.01558738031235	19.646486419905155	0.006818491749624983	0.0	0.30437836572231325	0.14225544615212965	0.0	0.0794912559618442	0.0	0.0	0.0	4.099696318791201	0.0	0.025489252032059814	0.0	0.7566800662095058	0.0	0.0	0.3505355404089581	0.0	0.0	NA	0.0	26.050556335745924	0.021594940613913313	0.2545757801869815	0.0	0.04711526106137834	0.0	0.0	0.13223370567560983	0.0	0.014407145944388418	0.0	0.11188028809174183	0.0	0.0	0.0	0.0	0.0	NA	0.0	0.0	0.0	0.15552099533437014	0.0	0.060832536716781085	0.0	0.0	0.2727184182331742	0.0	0.0	0.0	0.0	0.028150511400957118	0.0	0.0	0.015058351110553394	0.08196721311475409	0.0	0.07491296875688538	0.0	0.09600614439324116	0.0	0.0846740050804403	31.262299690750634	0.14914243102162564	1.5829145728643215	0.0	0.028851702250432775	0.0	0.0	0.00968710646130001	0.0	0.029854310962502982	0.0	0.0	0.05848238218236756	0.0	0.0	0.0	0.0	0.15963107484923733	0.12045773940975708	0.06258801439524331	0.0	0.02049022872217811	0.0	0.0	0.0	3.5464204842361955	0.0	0.04717992708556723	0.0	0.024520321216207935	0.0	0.0	0.0	0.019074868860276584	0.0	0.0	0.03444316877152698	0.0	0.0	0.06328579866677918	0.0	0.07451137731415143	0.005288486963879634	40.48714018054846	0.7874015748031495	0.0	0.0	0.02965599051008304	0.0	0.0	0.0	0.0	0.0	0.0	0.0	25.13093901982791	2.035111260203511	0.023141452126120916	0.0	0.0	0.0	0.0235626767200754	0.0	0.0	0.0	0.0	0.0	0.03854307188282906	0.7079102155328534	0.0	0.0	0.0	0.3553354150963713	17.26716519374575	0.0	0.20821609454136186	0.028820708989441144	0.0	0.0	0.0	0.08479606546256253	0.0	0.04893736017897092	0.0	26.4696678438911	0.0	0.0	0.0	0.0	0.0	NA	5.347060777150448	0.0	0.0	0.0	0.0	0.189000189000189	0.0	0.0	0.0	0.0	0.0	0.03061966548015463	0.0	0.0	0.015973930545349988	0.0	0.0	1.3717268144711603	0.0	0.09222886421861656	0.0	0.003475963710938858	0.0	0.4896877520451665	0.02878762954433295	0.07124536905101168	52.595103728716566	0.0	0.0	0.0	0.0	0.013050741282104823	0.0	0.0	0.0	0.0	0.025010718879519795	0.0	0.0	0.030476964494336362	0.0	0.0	0.02205071664829107	0.05729929330871586	0.0	0.08167125171939478	0.0	0.0396331106329974	0.0	0.0	0.0	0.0	0.009038322487346349	0.0	0.0	0.6950477845351868	0.038662284941040015	1.5132499013877434	0.0	0.0	0.05772422252687784	0.0	0.36716111029519755	0.03603232614402636	0.0	0.0671978496688106	0.0	0.0	0.0	0.0	0.0	0.6366307541625857	0.0	0.0	0.0	0.0	0.0
NA19734	0.03346944239908963	0.0	0.10495720975294688	0.0	NA	1.1719745222929936	0.0	0.0	0.010908297578357939	0.0	0.0	0.011442956860052637	0.0	0.006005645306588193	4.49438202247191	0.0	0.0	0.021199016365640633	0.0	0.0	0.0	0.0	0.0	0.0	0.0	0.011574074074074075	0.029513760790968787	0.011357183418512209	0.0	0.0	0.0	0.0	0.0	0.0	0.0	0.0	0.04037956793862306	0.0031498047121078492	0.0	31.891891891891895	0.08875853818546675	0.12883668056081848	0.046954655218674535	0.0	0.0	1.6329527329805817	NA	0.0	0.04070258931087385	0.0	0.0	16.255424674519528	18.082157258064516	0.0	0.014027868699148977	0.04142845306156268	0.393677480464125	0.0	0.06371097702657123	0.0	0.0	0.0	4.402364009166567	0.0	0.0	0.0	0.46993484994125817	0.0	0.0	0.012371134020618558	0.0	0.0659549033348448	NA	0.0	22.114407640723428	0.04749042771066457	0.08756567425569177	0.0	0.07979632936884903	0.0	0.0	0.042959017097688804	0.02567943505242885	0.056848328659137415	0.0	0.0	0.0	0.0	0.06154793045083859	0.0	0.0	NA	0.0	0.0	0.01892147587511826	0.0	0.0	0.09332117330166069	0.0	0.0	0.5743687926289338	0.0	0.0	0.0	0.0	0.0	0.0	0.015234613040828763	0.02371853999209382	0.019188333493236114	0.0	0.0797180498447596	0.0	0.04497413986957499	0.0	0.0	27.67616191904048	0.0	0.953961012028204	0.0	0.028458498023715414	0.0	0.021323780279767997	0.0	0.0	0.0	0.0	0.0	0.08441489922971404	0.0	0.0	0.0	0.0	0.19248748831325962	0.0	0.0505902192242833	0.0	0.011992996090283274	0.0	0.0	0.0	3.3515905599169367	0.0	0.021617882312248694	0.0	0.010350895352447988	0.0	0.0	0.0	0.01266357112705783	0.0	0.0	0.0	0.0	0.0	0.04525910839556461	0.030037546933667083	0.06656312402928778	0.0	35.373411837620075	1.3733905579399142	0.0	0.0	0.15923566878980894	0.017455053237912375	0.0	0.0	0.02251998648800811	0.0	0.0	0.0	21.907692307692308	2.5319628979694158	0.03588602598148281	0.07916872835230084	0.12041744715012041	0.0	0.0	0.0	0.0	0.0	0.0	0.0	0.0	0.37177124753499496	0.0	0.0	0.0	0.11020939785592626	14.936858861348188	0.0	0.043744531933508315	0.019119936631067164	0.0	0.0	0.0	0.11376564277588168	0.0	0.0	0.0	22.42057709122705	0.0	0.0	0.0	0.0	0.0	NA	5.681481481481482	0.0	0.038163083577153034	0.005668612890425712	0.0	0.1255894410085069	0.0	0.020231447762401877	0.0	0.0	0.0	0.0287944714614794	0.0	0.0	0.030148733753182364	0.0	0.0	1.1872020535386874	0.020780948026848985	0.0	0.0	0.0	0.0	0.3973806458834723	0.12806991110441465	0.18870104363230253	46.118384657938414	0.0	0.0	0.0	0.0	0.016437905810799704	0.0	0.0	0.0	0.0	0.0	0.01482250055584377	0.0	0.16778523489932887	0.0	0.0	0.0	0.0	0.0	0.027137042062415198	0.0	0.04883607357968419	0.0	0.0	0.0	0.016908212560386476	0.0	0.0	0.0	0.31497900139990664	0.0	1.3571511425588678	0.0	0.0	0.0196881398645456	0.0	0.396589331746976	0.0	0.0	0.0	0.02961558964638986	0.0	0.0	0.0	0.012216724696108973	0.6748392764445155	0.0	0.0	0.0	0.0	NA
NA19741	0.0635360711603997	0.0	0.5198776758409785	0.0	0.0	1.8898773743688386	0.0	0.03250270855904659	0.0	0.07393715341959334	0.0	0.0	0.026227788341748083	0.0	5.946942373968101	0.0	0.0	0.05905046846704984	0.0	0.0	0.10780840905590637	0.0	0.0	0.0	0.0	0.0	0.0	0.06223371152281105	0.04582776398701547	0.03795666613949075	0.0	0.0	0.0	0.0	0.0	0.038278732973938565	0.0	0.04763568230175617	0.0	28.563218390804597	0.0	0.024957216200798632	0.0	0.0	0.0	3.071447313574257	0.0	0.0	0.050752833699881574	0.0	0.0	20.647293589423796	18.907204308136862	0.0	0.015777018143570867	0.19223224794036878	0.24692792609592426	0.0	0.05841548010222709	0.0	0.0	0.0	6.424686508536033	0.007251105793633529	0.06878279920517653	0.0	0.9699769053117783	0.0	0.0	0.0	0.023982732432648493	0.12717084608353535	NA	0.014468988135429729	24.407597226409404	0.07063298016843249	0.08304025009769442	0.0	0.0	NA	0.05014506250223862	0.12964260686755433	0.023759553320397576	0.010895224260032685	0.0	0.0	0.0	0.0392156862745098	0.0	0.0	0.0	0.0	0.0	0.18191740949608876	0.084740238576364	0.03211009174311927	0.0	0.0511700222392789	0.0	0.0	0.55561729081009	0.20302278366794496	0.0	0.0	0.0	0.008725242125468982	0.0	0.012417732522041475	0.05275108369074104	0.07424938512227947	0.0	0.2132042062660355	0.0	0.15691548980049316	0.0	0.0	24.79298587433025	0.05459111256687411	1.7602848101265822	0.0	0.08723973479120624	0.0	0.02280605728881591	0.02578981302385558	0.0	0.0	0.0	0.0	0.01941747572815534	0.0	0.0	0.0	0.0	0.4864260829553671	0.020999580008399833	0.0	0.0	0.0	0.0	0.017828489926903193	0.0	6.525722339675828	0.0	0.06322711178553364	0.0	0.21932424422050978	0.03843652060788836	0.0	0.0	0.08878919575681106	0.0	0.11341542449773169	0.0	0.0	0.01903855306996668	0.11944882897487309	0.0	0.025561065385205254	0.004725897920604915	36.5677638239097	1.845699520118125	0.0	0.0	0.0	0.03206284317261833	0.0	0.018487705675725642	0.0423908435777872	0.0	0.0	0.0	29.50067341746895	3.661697990926766	0.03103180760279286	0.0	0.02768549280177187	0.0	0.0	0.0	0.0	0.0	0.05649717514124294	0.0	0.058315220272491114	1.3152339817490988	0.0	0.0	0.033169496125199774	0.20144675396026007	21.671315534809583	0.0	0.15967267102439997	0.05400588664164394	0.012221950623319482	0.0	0.0	0.2442121715346293	0.020654755757513167	0.0	0.025844245348035835	26.280083380708735	0.0	0.0	0.0	0.0	0.0	NA	3.6402197343717404	0.0	0.0	0.0	0.02529404325281396	0.2511098157033317	0.0	0.0	0.0	0.0	0.0	0.06864124652503689	0.0	0.0	0.02285042762943135	0.0	0.0	1.7330271652008147	0.0	0.0	0.0	0.020856507230255842	0.0	0.34558592522777254	0.0	0.04974594037593717	53.016453382084094	0.0044035404465190015	0.0	0.0	0.0	0.0	0.0	0.0	0.0	0.0	0.0	0.01667500416875104	0.0	0.19220984792809093	0.0	0.05125337806355419	0.0	0.0	0.0	0.0	0.0	0.005909466966079659	0.0	0.0	0.06281614705590638	0.0	0.021901007446342532	0.0	0.0	0.5562177195073501	0.006394270733422853	2.101000311515697	0.0	0.0	0.1130302709194306	0.0	0.5242246992605673	0.0250689395838556	0.0	0.05838331298763335	0.0	0.0	0.0	0.0047328316531780965	0.0	0.527306967984934	0.02405002405002405	0.0	0.028563267637817767	0.0	0.14058613604412243
NA19749	0.010814318157240186	0.0	0.24406665544521125	0.0	0.0	0.7463093098000763	0.0	0.0	0.0	0.0	0.0	0.0	0.0	0.0	2.9436630543386366	0.0	0.03601872973946452	0.0	0.0	0.0	0.08705384902375327	0.0	0.0	0.0	0.0	0.05911563017261764	0.006044487427466151	0.0	0.0	0.0	0.0	0.0	0.0	0.0	0.0	0.0	0.0	0.0	0.0	16.837396217656355	0.0	0.0	0.0	0.0	0.0	1.3688278601809272	0.0	0.07509762691498949	0.05640532200802946	0.0	0.0	10.903328050713155	0.01691188905800778	0.0	0.0	0.004297193932362168	0.1181035937236376	0.0	0.05803156917363045	0.0	0.0	0.0	2.7004943416268334	0.0	0.0	0.0	0.43387712599791733	0.0	0.0	0.00856457690990065	0.0	0.08562743503018366	NA	0.0	20.30943560688603	0.012488136270542984	0.1678399925404448	0.0	0.01865532422953511	0.0	0.0	0.007191657677094571	0.0	0.0	0.0	0.0	0.04239883167663824	0.0	0.0	0.0	0.0	0.0	0.0	0.0	0.0327653997378768	0.025809306098370326	0.0	0.014312038213142027	0.0	0.0	0.249357126159121	0.0	0.0	0.0	0.0	0.0	0.0	0.009815469179426778	0.0	0.018424689083371717	0.0	0.12035824276965557	0.0	0.0	0.0	0.02453385672227674	25.124239373789212	0.016790731516203056	1.0967317394165388	0.0	0.0	0.0	0.0	0.0	0.0	0.015971039182282792	0.0	0.0	0.060383158588131966	0.0	0.0	0.0	0.0	0.1824950726330389	0.0	0.0	0.007186231181057094	0.0	0.0	0.0	0.0	1.288475304223336	0.0	0.06283098465128804	0.0	0.0	0.013164823591363875	0.0	0.0	0.0	0.0	0.08117981328642944	0.0	0.0	0.0	0.0	0.0	0.032608189313830534	0.0	37.74339136041264	0.4725085910652921	0.016208112160136148	0.0	0.07873130131593746	0.0	0.0	0.0	0.011666796297736641	0.022177866489243733	0.0	0.0	19.004783906448054	2.693152516474071	0.006123323740126141	0.0	0.011516756881262236	0.0	0.0	0.0	0.0	0.0	0.0	0.02683303146172939	0.05551349987383296	0.5576653323753806	0.0	0.0	0.0	0.1692661105065893	12.607208136101608	0.0	0.13598714303374954	0.016327596904287627	0.0	0.0	0.0	0.037835792659856225	0.0	0.0	0.0	18.735941590766622	0.0	0.0	0.13250674364677487	0.0	0.0	0.0	1.544050862851953	0.0	0.0	0.06380140363087987	0.03439972480220158	0.052521008403361345	0.0	0.0	0.0	0.0	0.0	0.06274451908171551	0.0	0.0	0.0	0.0	0.0	1.041388518024032	0.0	0.0	0.0	0.0	0.003392590582168544	0.2720583688864156	0.03389064618165387	0.059722885809842335	42.28976911671256	0.0	0.0	0.0	0.029609889703160856	0.0	0.0	0.05829204313611192	NA	0.0	0.0	0.0	0.0	0.022600146900954857	0.0	0.0	0.02041649652919559	0.0	0.0	0.0	0.0	0.0	0.0	NA	0.0034752389226759338	0.05720940686104244	0.0	0.0	0.0	0.26239832065074786	0.05828524800373026	0.9294220156839965	0.0	0.0	0.0036675713342624516	0.0	0.4435387197314793	0.0	0.0	0.06124323772583443	0.0	0.0	0.0	0.0	0.0	0.5270988310308182	0.0	0.0	0.0	0.019380596147137486	NA
NA19762	0.0	0.0	0.1954887218045113	0.0	NA	0.8326592758243326	0.0	0.0	0.0	0.02736102877468193	0.0	0.0	0.0	0.07943980228315876	3.711474461004196	0.0	0.0059241706161137445	0.0	0.0	0.0	0.0	0.0	0.031026993484331366	0.0	0.0	0.04538749574492227	0.0	0.030695247352534916	0.0	0.0	0.0	0.0	0.05121638924455826	0.0	0.0	0.0	0.013246202755210174	0.0	0.0	32.01634877384196	0.011343870528624367	0.0	0.0	0.011809163911195087	0.0	1.7489577051157668	0.0	0.0	0.038140037504370214	0.0	0.0	16.013140056314526	39.28901200369344	0.0	0.046291533792819674	0.04548555833522856	0.08744217533566513	0.0	0.020676108756332058	0.0	0.0	0.0	4.498360166964818	0.0	0.0	0.0	0.3731343283582089	0.0	0.0	0.0	0.0	0.12026006238490736	0.41118421052631576	0.0	20.542343699558806	0.024164511997680205	0.3205831979271881	0.0	0.08170224858797201	0.0	0.0	0.02452869857733548	0.020302095176222185	0.0380188711851519	0.0	0.0	0.030182604758790685	0.1901863826550019	0.0	0.0	0.0	0.0	0.0	0.0	0.10782013065262891	0.056119347144928215	0.0	0.010961066292528937	0.0	0.0	0.18516803999629664	0.0	0.0	0.0	0.0	0.0	0.0	0.0	0.007363408767365372	0.004468874290566207	0.0	0.08657633868663694	0.0	0.0	0.0	0.0678195998643608	27.565632458233893	0.006375924509053813	1.7097415506958251	0.0	0.025686397625435238	0.0	0.013244448368725443	0.0	0.0	0.0	0.0	0.0	0.0	0.0	0.0	0.0	0.0	0.06084945843981989	0.0	0.0	0.0	0.048967999412384	0.0	0.0042951636457349025	0.0	3.130109787432843	0.0	0.040056078509913884	0.04868786211597449	0.02378262679112908	0.008612522607871846	0.021817388458601508	0.0	0.1239214246374151	0.03470715835140998	0.06532264157493112	0.0	0.0	0.09278988246614887	0.0	0.0	0.0	0.0	45.00185131422272	0.8518518518518519	0.0	0.0	0.035174111853675694	0.0	0.0	0.0	0.024345709068776627	0.0	0.007009182028457279	0.0	23.320747680977018	2.024679525578052	0.0918657090362452	0.0	0.18092530369604548	0.0	0.0	0.0	0.0	0.0	0.0	0.0	0.08965929468021519	0.820877956925974	0.0	0.0	0.035782830747210566	0.16133140867793155	14.98630940739292	0.0	0.03946524591781363	0.0	0.01133615477629988	0.0	0.0	0.018485996857380532	0.0	0.0	0.0	21.453664020234665	0.0	0.0	0.024915288020729523	0.02254113757607634	0.00679671039217019	NA	2.7223710760477653	0.0	0.0	0.0	0.006388959877331971	0.1515262604785297	0.0247980728354825	0.025409731927328164	0.0	0.0	0.0	0.043413055489778196	0.0	0.0	0.02501407041460822	0.0	0.0	1.178028718806636	0.0	0.04425897824987355	0.0	0.05253652930553276	0.0	0.31724058372267405	0.014065686757155919	0.07789816585227675	48.008186536071925	0.0	0.0	0.0	0.007388798581350672	0.0	0.0	0.0	0.0	0.0	0.0	0.0	0.0	0.12352972769751329	0.0	0.0	0.0	0.0	0.008499787505312367	0.0	0.0	0.0	0.0	0.0	0.0	0.0	0.0	0.0	0.0	0.04747774480712166	0.0	0.9373726395870126	0.0	0.0	0.02556143874383787	0.0	0.3127792672028597	0.0	0.0	0.0	0.0	0.0	0.0	0.0	0.0	0.5295343321223767	0.0	0.0	0.0	0.0	0.020868113522537562
NA19763	0.0	0.0	0.2751543095114152	0.0	0.0	0.8939085750990258	0.0	0.0	0.0	0.0	0.007353211515129233	0.0	0.02419968194703727	0.0	2.6270253264118293	0.0	0.0	0.0	0.0	0.0	0.0	0.0574341302318903	0.0	0.0	0.0	0.04186728072011723	0.0	0.0	0.0	0.0	0.0	0.0	0.0	0.0	0.0	0.0317450239674931	0.008667013347200556	0.0	0.0	18.361581920903955	0.0	0.0	0.0	0.017845192951148784	0.0	1.7021957182351999	0.0	0.0	0.05306095377064403	0.0	0.0	12.890242575872946	35.35449393921411	0.0	0.0	0.03762856426122586	0.05459343059051894	0.0	0.0069134778250198765	0.0	0.0	0.0	2.1363295638057607	0.0	0.08972959864193039	0.0	0.1941936110301971	0.0	0.0	0.0	0.0	0.07852032804048159	NA	0.0	15.646974143181442	0.0	0.18076007406754255	0.0	0.0	0.0	0.023859704934982302	0.0	0.0	0.01920417882931326	0.0	0.0	0.0	0.0	0.0	0.0	0.038692203520990516	0.0	0.0	0.0	0.0	0.02131105617594408	0.0	0.0	0.0	0.0	0.028462998102466792	0.0	0.0	0.0	0.0	0.0	0.0	0.020218358269308533	0.0	0.1073327804068888	0.0	0.012309207287050716	0.0	0.062060405461315686	0.0	0.0	18.598333936979355	0.0	0.7007857294542366	0.0	0.0	0.0	0.0	0.0	0.0	0.0	0.0	0.0	0.011813349084465446	0.0	0.0	0.0	0.0	0.1845347937377225	0.012632642748863063	0.0	0.0	0.019497822743127016	0.0	0.0	0.0	2.599157459661394	0.0	0.02271178741766977	0.0	0.039492242595204514	0.0	0.0	0.0	0.0	0.0	0.013879250520471896	0.0	0.0	0.04852896572641796	0.0	0.005278716216216216	0.03400369182939862	0.0	33.225525562880954	0.1381851681252879	0.0	0.0	0.029545006893834942	0.0	0.0	0.0	0.020982836040119184	0.0	0.0	0.0	15.120225632200393	0.44838945827232796	0.0	0.06338920974785181	0.0	0.0	0.0	0.0	0.0	0.0	0.0	0.0	0.043859649122807015	0.4622750536569259	0.0	0.0	0.0	0.05349023803155924	11.026183959097247	0.0	0.043367015048354225	0.0	0.008347942232239752	0.0	0.0	0.02364811603342267	0.011436413540713633	0.033997416196369076	0.0	12.910048840518401	0.0	NA	0.004816027740319784	0.0	0.0	0.07671653241273495	1.414171806830149	0.0	0.0	0.0	0.0	0.048112122162953665	0.0	0.0	0.0	0.0	0.0	0.015665387326701655	0.0	0.0	0.0	0.0	0.03443526170798898	0.9104735712648706	0.0	0.0	0.0	0.0	0.0	0.11335162868392794	0.05541481950601647	0.020449061388082286	33.56828193832599	0.0	0.0	0.0	0.0	0.0	0.0	0.0	0.0	0.0	0.0	0.0	0.0	0.15093994419796003	0.0	0.0	0.0	0.0	0.0	0.0	0.0	0.0	0.0	0.0	0.010480715483510341	0.0	0.01686113171916099	0.0	0.0	0.44753853804077576	0.0	1.3533562511308124	0.033570189671571646	0.0	0.01911241925002867	0.03664345914254306	0.23519645821804097	0.030330603579011222	0.0	0.02376538808878749	0.0	0.09363295880149813	0.0	0.0	0.0	0.32180209171359614	0.0	0.0	0.0	0.0	NA
NA19773	0.012406947890818858	0.0	0.1697034655234012	0.0	0.0	0.8351040173938826	0.0	0.0	0.0	0.008296001327360213	0.0	0.0	0.0	0.0	3.493975903614458	0.0	0.0	0.02847496237237115	0.0	0.0	0.0	0.0	0.0	0.0	0.0	0.052776875608963957	0.01918281220026856	0.0	0.0	0.013380611493945274	0.0	0.0	0.0	0.028960324355632783	0.0	0.0	0.0	0.030413625304136254	0.0	25.36461636017755	0.024303305249513935	0.0	0.0	0.033963065166631286	0.07044734061289186	0.5832201246076733	0.0	0.0	0.0	0.0	0.0	15.36027007068256	17.60112722362473	0.0	0.0	0.13245033112582782	0.3223971173904798	0.0	0.018834519908087544	0.0	0.0	0.0	2.504284156410656	0.0372079178449174	0.0	0.0	0.333627093037895	0.0	0.0	0.0	0.0	0.04423355316068844	NA	0.0	16.78930125140985	0.0	0.3085390260173449	0.0	0.07749935417204858	NA	0.0	0.03392897534494459	0.0	0.0037118147062098657	0.0	0.0	0.0	0.0	0.05502769727429473	0.0	0.0	0.0	0.0	0.0	0.09363295880149813	0.0	0.0	0.03663823810783855	0.0	0.0	0.0408371618172537	0.0	0.0	0.0	0.0	0.0	0.0	0.0	0.0	0.02795378307864331	0.0	0.06726155777767813	0.0	0.0968054211035818	0.0	0.0	14.755397108338283	0.042105263157894736	1.5313935681470139	0.0	0.0	0.0	0.0	0.0	0.13333333333333333	0.0	0.0	0.0	0.02958434002268133	0.0	0.0	0.0	0.0	0.4307765944717004	0.01135976371691469	0.04079412564590699	0.0	0.0	0.0	0.0	0.0	2.22593792454802	0.0	0.10477787091366303	0.0	0.0	0.0	0.0	0.0	0.0	0.02297266253158741	0.0	0.0	0.0	0.031908104658583285	0.025673940949935817	0.018225725611700914	0.0	0.0	37.8438331854481	0.5764796310530361	0.0	0.0	0.0	0.0	0.0	0.0	0.0366255646441216	0.0	0.0	0.0	22.186363403514164	0.8192937918301408	0.0	0.0	0.0	0.0	0.0	0.0	0.0	0.0	0.0	0.0	0.009330534173081408	0.3914568457973193	0.0	0.0	0.0	0.026200873362445413	11.976742978590085	0.0	0.06942515967786726	0.056135973803212225	0.0	0.0	0.0	0.08676789587852494	0.0	0.0	0.0	20.523214352738055	0.0	NA	0.0	0.0	0.0	NA	3.071548147608996	0.0	0.018639328984156572	0.0	0.046125461254612546	0.08610532040242908	0.0	0.0	0.0	0.0	0.0	0.0	0.0	0.0	0.0	0.0	0.0	0.3822274781433459	0.045498728103737104	0.0	0.0	0.0	0.0	0.27896291434197573	0.02217704675660691	0.08557821104331002	32.76579277925458	0.0	0.0	0.0	0.044233807266982623	0.0	0.0	0.0	0.0	0.0	0.0	0.01664031949413429	0.0	0.0	0.0	0.0	0.044644850216527525	0.0	0.0	0.0	0.0	0.057220141489804414	0.0	0.272572402044293	0.0	0.0	0.08484642796538266	0.0	0.0	0.1974766867800329	0.018347501681854318	1.0776175913790593	0.0	0.0	0.048747562621868905	0.0	0.3198832706661429	0.03435953820780649	0.0	0.0	0.0	0.0	0.0	0.0	0.0	0.4161758932076954	0.022294058633374206	0.0	0.0	0.008800105601267216	NA
NA19777	0.023781212841854936	0.0	0.030849915162733305	0.0	0.0	0.7039133645089836	0.0	0.0	0.0	0.02109704641350211	0.019924287706714484	0.0	0.0	0.0	3.6865373645179695	0.0	NA	0.0	0.14125718898193926	0.0	0.0	0.0	0.009083752195240114	0.0	0.0	NA	NA	0.09409420490396855	0.0	0.003040807638508788	0.0215231194174409	0.0	0.0	0.0	0.0	0.025602366796574974	0.0	NA	0.0	21.896258503401363	NA	0.0	NA	0.004283755997258397	0.0	2.135739436133495	0.0	0.0	0.0421153961855484	0.03104433130510369	0.0	17.37314443754586	33.927914674512685	0.0	0.012492192379762648	0.059213642823306496	0.2619158049818569	NA	0.23397446925644289	0.0	0.0	NA	2.199474865862476	0.07223061264692364	0.025512570739400685	0.0	0.5268356931182088	0.0	NA	NA	0.008007687379884689	0.08629422579071774	NA	0.0	16.60525434272862	0.0	0.2572373524968356	0.0	NA	0.0	0.0	0.020163322915616493	0.0	0.0	0.0	0.0	0.0	0.0	0.07794810883040719	0.0	0.0	NA	0.0	0.0	0.0	0.15261201330463706	0.02523447028641124	0.022932711602041012	0.0	0.0	0.06158899609936358	0.0	0.0	0.0	0.015444015444015444	0.0	0.0	0.0	0.0	0.00880785660809442	NA	0.31572140438966867	0.0	0.0	0.0	0.0	17.56448499736796	0.0	1.6200294550810017	0.0	0.0	0.0	0.012296593843505349	0.0	0.0	NA	0.0	0.0	0.0	0.0	0.0	0.0	0.0	0.18510452961672474	0.027105168052041922	0.0	0.0	0.06078206253798879	0.0	0.0	0.0	1.8224048597462925	0.0	0.0083948959032908	0.0	0.03420808288129795	0.0	0.0	0.0	0.0	0.0	0.0	0.0	0.0	0.0	0.046566759800186264	0.0	0.03843382176315158	0.0	40.65929021273161	0.5145167217934583	NA	0.0	0.13574046423238767	0.0	NA	0.0	NA	NA	NA	0.03471361269526407	20.02813872425781	2.5219717233473444	0.0	0.0	0.11719894520949312	0.0	0.0	0.0	0.0	0.0	0.0	0.056322162771050406	0.02707581227436823	0.7675679062627275	0.023950456769425532	0.0	0.0	0.05810092961487384	11.755209121638666	0.0	0.02947120242505894	0.09787928221859706	0.0	0.0	0.0	0.0	NA	0.0	0.0	NA	0.0	0.0	0.1579374226320058	0.0	0.0	NA	1.1592640021567702	NA	0.01861850679575498	NA	0.0	0.1607649908134291	0.0	NA	0.0	0.0	0.0	NA	0.0	0.0	0.0	0.0	NA	0.9002190798645688	0.0	NA	0.014355852881219672	0.027327070879590094	0.0	0.25681107637338096	NA	0.025188916876574305	32.98220123501635	0.0	0.0	0.0799849440105392	0.0	0.0	0.0	0.0	NA	0.0	0.0	0.0	0.0	0.10160971174929141	0.0	0.0	0.0	0.0	0.007395902669920864	0.025004167361226872	0.0	0.03528759389020517	0.0	0.6256517205422315	0.0	0.0	0.0	NA	0.0	0.1876586819737278	0.0	0.9123823316437364	0.0	NA	0.0	0.0	0.29363600429160314	0.0	0.0	0.0	0.0	0.0	0.0	0.004578964238289299	0.0	0.24737631184407796	0.0	0.0	0.0	0.0	0.07268762493185535
NA19790	0.0	0.0	0.47869794159885115	0.0	0.0	1.3053544160386188	0.007012622720897616	0.0	0.017944944909019128	0.04199210548416898	0.0	0.03351393621180808	0.01817719126040644	0.0	5.227385071675729	0.0	0.0	0.0414651002073255	0.011247328759419637	0.0	0.0	0.0	0.0	0.0	0.0	0.0	0.10514396635393077	0.04160166406656266	0.03519887363604365	0.05483019773140057	0.06671608598962195	0.0	0.0	0.0	0.0	0.0	0.04419889502762431	0.053828129947438415	0.0	36.46907216494845	0.0	0.0	0.01748068384435199	0.01148193508879363	0.0	1.7687420584498095	0.0	0.0	0.0457064503228018	0.00613421666053245	0.0	12.675604592982232	0.0	0.0	0.0	0.12205541315757354	0.2070121249958926	0.0	0.2181465621717702	0.0	0.0	0.0	2.750658608399194	0.09099772505687358	0.0	0.0	0.39637167467032547	0.0	0.0	0.08075007850702076	0.0	0.10941346567152514	NA	0.0	22.215838783807673	0.07501363884342607	0.10168563494857054	0.0	0.018479506227593596	NA	0.003601656762110571	0.0	0.01978395916590828	0.03927309079224535	0.0	0.0	0.0	0.0	0.0	0.10564542753383956	0.0	NA	0.0	0.0	0.0	0.07478444483547422	0.0	0.04315832632010531	0.0	0.0	0.20226892973353267	0.0	0.0	0.0	0.0	0.0	0.0	0.0722334585379948	0.04912165797291291	0.04277973191368001	0.0	0.2804536032191196	0.0	0.023223409196470042	0.0	0.0	26.57563025210084	0.07897454589636109	0.9648025728068608	0.0	0.0	0.0	0.02691272587466359	0.005885988404602843	0.0	0.0	0.0	0.0	0.004563084645220169	0.04917111548187693	0.0	0.0	0.0	0.2003479727948542	0.08482792050412022	0.01763046544428773	0.0	0.03944384183019426	0.0	0.05372492836676218	0.0	3.4045816799493145	0.0	0.17899512966740208	0.0924709203290018	0.07702182284980745	0.0	0.0	0.0	0.025603823504309977	0.01389274798555154	0.0	0.0	0.0	0.0	0.04043998705920414	0.0	0.09125067096081589	0.0	43.74863791502826	1.300688599846978	0.0	0.0	0.01819174094960888	0.03306331625061994	0.0	0.0	0.031546985291218105	0.03486750348675035	0.0	0.0	25.727213962508078	1.5838732901367891	0.0	0.0	0.0	0.0	0.0	0.0	0.0	0.0	0.0	0.0	0.0676303998647392	0.8557980316645273	0.0	0.0	0.06905850241704758	0.26356248627278717	19.1385325351479	0.0	0.12136488820426646	0.0	0.0	0.0	0.0	0.18979333614508645	0.0	0.0	0.0	27.908016846185387	0.0	0.0	0.0	0.0	0.0	NA	2.5683880210109833	0.0	0.0	0.03463203463203463	0.07688927943760984	0.15262806448535726	0.0	0.0	0.0	0.0	0.0	0.04146995023605972	0.0	0.0	0.006056018168054504	0.0	0.0	0.9177534799982435	0.0	0.0	0.0	0.0	0.0	0.26087863925701765	0.08298129149064574	0.023270502975300023	40.39155418949619	0.0	0.0	0.0	0.023168259484506227	0.0	0.0	0.0	NA	0.0	0.010066100728114619	0.0	0.0	0.16373827067195668	0.0	0.0	0.01442238353925292	0.0	0.0	0.004959825414145422	0.0	0.06204756980351603	0.0	0.31853474019510253	0.0	0.0	0.0	0.0	0.0	0.5204296312700698	0.06974623102097752	2.3576747961740727	0.0	0.0	0.013917400229637104	0.0	0.554284261378083	0.0	0.0	0.06662502602540078	0.0	0.0	0.0	0.004744733345985955	0.0	0.679873402883601	0.0	0.0	0.0	0.00400624974960939	NA
NA19792	0.022913444463538983	0.0	0.4461942257217848	0.0	0.0	1.4776839565741857	0.04285224545766198	0.0	0.016178611875101116	0.09015848913352947	0.0	0.0	0.0	0.0	7.642945290004113	0.0	0.015281173594132029	0.047534165181224004	0.03614893360645861	0.0	0.08071025020177562	0.06360817365031406	0.0	0.0	0.14155533929045389	0.018815560468507454	0.0	0.1461301602212828	0.019171779141104295	0.0	0.0	0.0	0.0	0.0	0.0	0.02386228055224135	0.0	0.0	0.0	37.731134432783605	0.04781984958483676	0.0	0.016058452768075798	0.1038637307852098	0.0	2.7016094079574677	0.0	0.047126410987186104	0.15383539612614502	0.0	0.0	18.574796960964107	0.006341958396752917	0.0	0.062034739454094295	0.14237690330235317	0.30931207804181665	0.0	0.09305336408140147	0.0	0.0	0.0	6.235982057033002	0.0	0.027303340108606623	0.0	0.30664395229982966	0.0	0.0	0.0837871805613741	0.0	0.07558578987150416	NA	0.0	32.93384177713213	0.03143006809848088	0.3969865114810304	0.0	0.0657408168296491	0.0	0.03293205020308097	0.08297320656871218	0.023637867864318637	0.0	0.0	0.0	0.0	0.10266940451745381	0.06313760675240089	0.0	0.0	NA	0.0	0.08470269354565475	0.041050903119868636	0.09042072230200522	0.0	0.07147962830593281	0.0	0.0	0.3044939101217976	0.0	0.0	0.0	0.0	0.0	0.0	0.0	0.04136903941090488	0.06952813571892093	0.0	0.08984725965858043	0.0	0.0	0.0	0.2118003025718608	26.87470889613414	0.019958088015168147	1.9143752175426385	0.0	0.04485780077155417	0.0	0.013906271728549574	0.0	0.0	0.007260055176419341	0.01428214374977684	0.0	0.015439246564767639	0.0	0.0	0.0	0.0	0.40165846074112466	0.0	0.0	0.054943168160434055	0.0	0.0	0.0	0.0	5.221232529509741	0.0	0.021636591804059024	0.010500892575868948	0.04288952882789045	0.0	0.012873326467559216	0.0	0.0	0.0	0.0	0.016051364365971106	0.0	0.0	0.008744698526518298	0.0	0.05126452494873548	0.0	42.790317145745405	2.2130725681935153	0.00455933980759586	0.0	0.2716407098877219	0.01645481097535892	0.0	0.0	0.008811349017534584	0.0	0.042250545736215755	0.0	32.34124198605456	3.3557046979865772	0.0	0.0	0.0	0.0	0.0	0.0	0.0	0.0	0.0	0.0	0.07786140669608098	1.4406229720960415	0.00956327701625757	0.0	0.0	0.19754170324846357	27.22784881413495	0.0	0.0535360565340757	0.04860475754803294	0.012537612838515547	0.0	0.0	0.1443894389438944	0.0	0.0	0.02681204754669765	28.81975363000771	0.0	0.0	0.08650959238715586	0.0	0.0	NA	8.05124120536307	0.0	0.06641429235571496	0.14208214931542237	0.025342118601115054	0.015553712152633762	0.0	0.013987970345502867	0.0	0.025415544146800185	0.0	0.03385113025162673	0.0	0.0	0.0	0.0	0.0	1.8970457464677404	0.0	0.04352557127312296	0.0	0.014427932477276006	0.03616993292121531	0.5458968729603039	0.08032807677673023	0.02931261908251502	56.654932927409384	0.03168280981261881	0.0	0.0	0.0	0.0	0.0	0.007076640011322624	0.0	0.0	0.0	0.0	0.0	0.2695087590346686	0.0	0.0	0.026148348295999303	0.0	0.0	0.02729133500113714	0.0	0.0	0.0	NA	0.0	0.0	0.0	0.0	0.0	0.525459777305142	0.0	1.9938181447641046	0.0	0.0	0.0035573263135427417	0.053092646668436425	0.5084659582040982	0.05900575306092345	0.0	0.14387061566701395	0.01762942939413528	0.0	0.0	0.009314022260513201	0.0	0.866089273817455	0.0	0.0	0.0	0.037171957475280654	0.23794073112697384
NA19796	0.0	0.0	0.17386466374574033	0.0	0.0	1.0357529794149511	0.0	0.0	0.0	0.0	0.0	0.0	0.0	0.0	4.889876742776318	0.0	0.0	0.03686771862557145	0.028295213393067672	0.0	0.09900990099009901	0.0	0.0	0.0	0.0	0.0	0.0	0.021587082289957687	0.0	0.03102913290811929	0.0	0.0	0.0	0.0	0.0	0.00567198888290179	0.0	0.0	0.0	29.38951917882226	0.0	0.010552975939214858	0.0	0.0	0.0	1.610791313585493	0.0	0.0	0.10036011570930987	0.06672067864461707	0.0	12.634314558448697	0.0	0.0	0.0	0.09892245186362833	0.5843178280727718	0.008254230293025175	0.035055291755632746	0.0	0.0	0.0	4.509658509022849	0.047443331576172906	0.0	0.0	0.616600790513834	0.0	0.0	0.0	0.0	0.12449854751694564	NA	0.0	23.87598396677452	0.0	0.11972347738771097	0.0	0.0	NA	0.0	0.016297262059973925	0.0037495313085864268	0.009371485692865176	0.0	0.0	0.004274052228918237	0.0	0.005727868946358507	0.0	0.01156871818602499	0.0	0.0	0.0	0.0	0.0	0.1714545645403968	0.05271908836530272	0.0	0.0	0.3381969272393468	0.0	0.0	0.0	0.0	0.0	0.0	0.0	0.0	0.048040353897273715	0.0	0.18256503879507074	0.0	0.0	0.0	0.0	28.317008014247552	0.10349711297526965	1.669512426484538	0.0	0.0	0.0	0.015122301614305698	0.0	0.0	0.0	0.0	0.009831230542356217	0.09510634618710012	0.0	0.0	0.0	0.0	0.15180451496009012	0.0	0.0	0.0	0.009579920486659961	0.0	0.0	0.0	2.379054509779876	0.0	0.091726288754357	0.0	0.0	0.0	0.029562475364603862	0.0	0.0	0.003949135139404471	0.0	0.0	0.0	0.02164100661596488	0.0	0.0	0.010335383184331559	0.0	39.747006571576186	0.8236615499812805	0.0	0.036155157274934145	0.053556126820908316	0.0	0.0	0.020807324178110695	0.0	0.0	0.0	0.007416747014759327	27.540337479985222	4.446943365364956	0.0	0.024177949709864605	0.07826475849731664	0.0	0.0	0.0	0.0	0.0	0.0	0.0	0.0797816502204493	0.9872157022627334	0.02185493785002049	0.0	0.012510947078693858	0.25453143077516394	17.395528178138616	0.039877708361026186	0.2627555895279954	0.0023618885660974514	0.0	0.0	0.0	0.09945300845350571	0.09957679860592482	0.006040471156750227	0.0	20.97907380826471	0.0	0.0	0.0	0.0	0.02935995302407516	NA	4.523778837479057	0.0	0.0	0.03982930298719772	0.0	0.18704181659733427	0.02308174234180763	0.0	0.0	0.0	0.0	0.23404255319148937	0.0	0.0	0.02620774001921901	0.0	0.0	1.2801855952757566	0.0	0.0	0.0	0.0	0.0	0.5316530471595944	0.13284980790635884	0.07820646506777894	48.96515796025664	0.0	0.0	0.016957775139901647	0.006211951795254069	0.0	0.0	0.0	0.0	0.0	0.0	0.0	0.0	0.10666149520023273	0.0	0.0	0.0	0.0	0.007349698662354844	0.022650056625141562	0.011715089034676664	0.08662592040040426	0.0	0.020618556701030927	0.0	0.0	0.0	0.0	0.0	0.2217049107637734	0.10246454187564039	1.727136431784108	0.0	0.0	0.003307753373908441	0.0	0.4510756419153366	0.0	0.0	0.008406893652795292	0.0	0.0	0.0	0.0	0.0	0.6742993608203975	0.0	0.0	0.0	0.053752603641738894	0.0
NA19828	0.0	0.0	0.09185548071034905	0.0	0.0	0.09774573889669497	0.0	0.0	0.0	0.0	0.0	0.0	0.0	0.0	1.4118557199497146	0.0	0.0	0.034021320027217056	0.0	0.0	0.0	0.0	0.0	0.0	0.0	0.0	0.0	0.010048736371401296	0.0	0.0	0.0	0.0	0.0	0.0	0.0	0.0	0.0	0.0	0.0	3.9089116012192933	0.0	0.0	0.0	0.0	0.15582494783825898	0.819116330792807	0.0	0.0	0.0	0.0	0.0	3.0475741874705604	0.0	0.0	0.0	0.0	0.3399072336508161	0.0	0.0027513343971826334	0.0	0.0	0.0	0.7719027402547279	0.0	0.0	0.0	0.3500731971230348	0.0	0.0	0.0	0.0	0.0	NA	0.0	5.144807508909301	0.0	0.04908303957877828	0.0	0.0	0.0	0.0	0.0	0.0	0.0	0.0	0.0	0.0	0.0	0.0	0.0	0.0	0.0	0.0	0.0	0.0	0.0	0.0363254762673555	0.0	0.0	0.0	0.05925340707090658	0.0	0.0	0.0	0.0	0.0	0.0	0.0	0.0	0.0	0.0	0.0	0.0	0.0	0.0	0.022779043280182234	8.398692810457517	0.0	0.3216687786333951	0.0	0.0	0.0	0.0	0.0	0.0	0.0	0.0	0.0	0.0	0.0	0.0	0.0	0.0	0.14586615321780733	0.0	0.0	0.0	0.0	0.0	0.0	0.0	1.1089740966567092	0.0	0.0	0.0	0.0	0.0	0.0	0.0	0.0	0.0	0.0	0.0	0.0	0.0	0.0	0.0	0.0	0.0	9.054759340568303	0.0	0.0	0.0	0.0	0.0	0.0	0.0	0.0	0.0	0.0	0.0	10.347246580147317	0.07125736865971367	0.0	0.0	0.0	0.0	0.0	0.0	0.0	0.0	0.0	0.11517615176151763	0.0	0.15813253012048192	0.039026928580720696	0.0	0.0	0.0750375187593797	4.703579137593494	0.0	0.04209881740594742	0.04442100002776313	0.0	0.0	0.0	0.0	0.04942709503482363	0.0	0.0	8.812204513330409	0.0	0.0	0.0	0.0	0.0	0.0	0.4773434797647873	0.0	0.0	0.0	0.0	0.20051413881748073	0.0	0.0	0.0	0.0	0.0	0.0	0.0	0.0	0.0	0.0	0.0	0.7188363986056016	0.0	0.0	0.0	0.0	0.0	0.04142992424242424	0.0	0.026650422599558368	21.63677130044843	0.0	0.0	0.0	0.0	0.0	0.0	0.0	0.0	0.0	0.0	0.0	0.0	0.02487031905066439	0.0	0.0	0.0	0.0	0.0	0.0	0.0	0.0	0.0	0.0	0.0	0.0	0.0	0.0	0.0	0.0	0.0	0.8466152527849186	0.0	0.0	0.0	0.0	0.1154068090017311	0.0	0.0	0.06618717733751048	0.0	0.0	0.0	0.0	0.0	0.0	0.0	0.0	0.0	0.05010737294201861	0.0
NA19835	0.018193947480138275	0.0	0.3774715398442181	0.0	0.0	1.390925864597625	0.0	0.05619834710743802	0.0	0.035187864096649334	0.0	0.0	0.0	0.0	9.917018092776493	0.0	0.0	0.05294553669125693	0.1173995988847038	0.0	0.20681097476906107	0.0	0.0	0.0	0.0	0.08763144717075613	0.0	0.06561679790026247	0.0036279204759831667	0.0	0.017326818449596285	0.0	0.0	0.0	0.0	0.00568101121999716	0.01054926506786694	0.0	0.0	28.18818040435459	0.182354310545511	0.0034442377901770333	0.03313940643640916	0.01582591493570722	0.0	3.106946275337609	0.0	0.0	0.15954515127781163	0.0	0.0	17.577156042688202	17.31896599854838	0.0	0.030326661467810417	0.08671823511047903	0.379469850150957	0.09845890410958905	0.10501861693663878	0.0	0.0	0.0	4.897929741037293	0.0	0.0024504398539537844	0.0	0.6016597510373445	0.0	0.0	0.0	0.006781040211568454	0.09503695881731784	NA	0.0	24.543726235741445	0.0	0.17967145790554415	0.0	0.09670400515754694	NA	0.0	0.0775995861355406	0.01868390568364411	0.05307855626326964	0.0	0.0	0.0	0.0	0.02012207391508485	0.0	0.0	0.0	0.0	0.0	0.13806592647989416	0.07100381645513447	0.0	0.0	0.0	0.0	0.4635942187073902	0.0	0.015245064410397136	0.0	0.0	0.020938023450586266	0.0	0.0	0.05166017000892312	0.1055280461076386	0.0	0.1852373857367213	0.0	0.0	0.0	0.0	24.217687074829932	0.20291762641219702	1.3940256045519204	0.0	0.0	0.0	0.07153614457831325	0.009637315686337498	0.0	0.0	0.011460332922671403	0.0	0.0254220052877771	0.0	0.0	0.0	0.0	0.2254283137962128	0.0964151108773775	0.0	0.0	0.006394815935881312	0.0	0.0	0.0	4.887860806597606	0.0	0.0679732638495525	0.0	0.1061081380328474	0.01113802801214045	0.0	0.0	0.0	0.0	0.0	0.0	0.0	0.0	0.0	0.0	0.0	0.0	36.90797895036268	0.5189028910303929	0.0	0.0	0.0	0.0	0.0	0.0	0.0	0.0	0.0	0.017627357659086903	24.262806453185163	0.7203389830508474	0.10841787346085341	0.0	0.0	0.0	0.0	0.0	0.0	0.0	0.0	0.0	0.08685079034219212	0.8503764211039653	0.01578880889225717	0.0	0.0	0.09998889012331963	20.08622875982754	0.0	0.19521717911176184	0.05677517032551098	0.026173116470368296	0.013591388496248778	0.0	0.12196184336614688	0.0	0.040805223068552776	0.0	23.461701227253492	0.0	0.0	0.27817584084970076	0.0	0.0	NA	2.741532012710432	0.0	0.0	0.0	0.04136076931030917	0.34436002840970237	0.0	0.0	0.0	0.0	0.0	0.09512066232164876	0.0	0.0	0.0	0.0	0.0	2.2068875724236703	0.0	0.0	0.0	0.0032596649064476173	0.0	0.48352082099861854	0.2665346685451015	0.06446140797285835	46.46136104168804	0.0	0.0	0.0	0.04152823920265781	0.0	0.0	0.0	0.0	0.0	0.0	0.013108736973192633	0.0	0.10300967395198853	0.006136663496057193	0.0	0.05072647559694192	0.0	0.0	0.0	0.0	0.05494757085947159	0.0	0.0	0.015578750584203147	0.013528138528138528	0.0	0.0	0.0	0.9539121114683815	0.019829466587348802	2.7200577200577203	0.0	0.0	0.05396290050590219	0.0	0.6679070655026	0.0991338829176667	0.0	0.04100377234705593	0.0	0.0	0.0	0.004519161243673174	0.0	1.0048408390787738	0.0455626993368096	0.0	0.0	0.0	NA
NA19901	0.04150853889943074	0.0	0.23072594259988746	0.0	0.0	1.0493628868187173	0.0	0.0	0.0	0.0	0.0	0.025693730729701953	0.0	0.0	3.7040161997975023	0.0	0.0	0.017229496898690556	0.0	0.0	0.0	0.0	0.0	0.0	0.0	0.0	0.0	0.0	0.0	0.0	0.013881177123820101	0.0	0.0	0.0	0.0	0.0	0.0	0.04310344827586207	0.0	13.638297872340427	0.0	0.0	0.0	0.0	0.1324905462474813	2.474608607822232	0.0	0.0	0.0	0.0	0.0	5.704358812381554	13.543777361203434	0.0	0.02100840336134454	0.011145372812720586	0.07334885352552858	0.0	0.055246823307659815	0.0	0.0	0.0	2.294060370009737	0.0	0.0	0.049782766111513395	0.4729935916997253	0.052557105316353346	0.0	0.0	0.0	0.015467305981980588	NA	0.0	14.751303161689483	0.0	0.06225438698883312	0.0	0.0	NA	0.03307315782510914	0.02178378041949337	0.0	0.0	0.0	0.0	0.02287910679967054	0.06402048655569782	0.0	0.0	0.0	0.0	0.0	0.0	0.0	0.010986998718183483	0.0	0.0357577057855968	0.0	0.0	0.1340059908560618	0.10812759055685708	0.0	0.0	0.0	0.0	0.0	0.0	0.0	0.0	0.0	0.09330098899048331	0.0	0.0	0.0	0.0	16.7458432304038	0.0	1.1356993736951984	0.0	0.003291205897840969	0.0	0.0	0.0	0.047245582538032696	0.0	0.0	0.011307100859339666	0.0	0.0	0.007641754546843955	0.0	0.0	0.07834125450462213	0.0	0.0	0.0	0.0342393594605984	0.0	0.0	0.0	0.9686836518046709	0.0	0.03274662300450266	0.03824091778202677	0.0	0.0	0.0	0.0	0.0	0.022366360993066426	0.028832984934765372	0.0	0.0	0.07074011848969847	0.0	0.04365477801545379	0.0	0.0	27.794103706512463	0.8684546615581098	0.0	0.0	0.08476970895733257	0.0	0.0	0.0	0.0	0.0	0.0	0.018672741531911716	16.59564504799813	1.631310851763492	0.0	0.0	0.13796275005748448	0.0	0.0	0.0	0.0	0.0	0.0	0.0	0.0	0.2952632240231185	0.0	0.0	0.0	0.09328358208955223	9.786374133949192	0.0	0.0925553319919517	0.033701806416823944	0.0	0.0	0.0	0.0	0.0	0.0	0.02015316404675534	17.675270317404955	0.0	0.0	0.06963182174253635	0.0	0.0	0.0946969696969697	1.1935807422266802	0.0	0.0	0.0	0.020710365537951747	0.14212476524034312	0.0	0.0	0.0	0.0	0.0	0.08284622819533301	0.0	0.0	0.021219408685811292	0.0	0.0	1.0164148276986629	0.07579933847850055	0.0	0.0	0.0	0.0	0.18170805572380377	0.0	0.0	30.921284857042004	0.0	0.0	0.0	0.0	0.0	0.03328290468986384	0.0	0.0	0.0	0.0	0.0	0.0	0.0739037608802759	0.0	0.0	0.0	0.0	0.0	0.0050818172578514075	0.0	0.034477663399497614	0.0	0.036761327083907724	0.0	0.0	0.0	0.0	0.0	0.1891153603698256	0.0	1.2164796021237985	0.030610683128411816	0.0	0.015720798616569723	0.0	0.35187092344661863	0.01551590380139643	0.0	0.0	0.0	0.0	0.0	0.0	0.0	0.2775963422599608	0.0	0.0	0.0	0.06814826032635445	NA
NA19914	0.010402579839800271	0.0	0.16799877819070405	0.0	0.0	0.8191197055316503	0.0	0.0	0.023554747964196782	0.0	0.0	0.0	0.0	0.0	5.755739795918367	0.0	0.024092031560561344	0.03322627090486211	0.0	0.0	0.0	0.0	0.0	0.0	0.0	0.03496367662483975	0.0	0.08171789167839469	0.0	0.006691424938940747	0.0	0.0	0.0	0.0	0.0	0.025833859578621044	0.0	0.02645327689967595	0.0	14.382632293080055	0.0	0.0	0.0	0.011863803535413454	0.0	2.3978354170554206	0.0	0.0	0.0	0.009590946146837385	0.0	12.787202061412927	15.326377401705052	0.0	0.0	0.21550923345595063	0.14955731036133046	0.043367015048354225	0.08562149394744613	0.0	0.0	0.0	2.68136924358415	0.0	0.04600403813223605	0.0	0.39253231211105793	0.0	0.0	0.0	0.0	0.04108294646892075	NA	0.004488330341113106	22.13447171824973	0.07896749993830664	0.2793635369853031	0.0	0.04163827693239458	0.0	0.030786281632904373	0.0	0.0	0.0	0.0326317506934247	0.0	0.0	0.0	0.0	0.0	0.0	0.0	0.0	0.0	0.0	0.036180904522613064	0.0	0.0	0.0	0.0	0.11095700416088765	0.030216044719746184	0.0	0.0	0.0	0.0	0.0	0.0	0.0	0.00850014875260317	0.0	0.2376425855513308	0.0	0.08064516129032258	0.0	0.0	25.691768826619963	0.0	1.684107259646828	0.0	0.0	0.0	0.0	0.0	0.0	0.0	0.0	0.0	0.07288250299338851	0.0	0.0	0.0	0.0	0.14846235418875928	0.03564715794931622	0.043134435657800146	0.0	0.0	0.0	0.0	0.0	2.3056395659135385	0.0	0.016673614005835762	0.0411522633744856	0.13392617988964484	0.0	0.0	0.0	0.0	0.0	0.0	0.0	0.0	0.024142926122646062	0.0	0.0	0.0	0.0	28.215622076707202	0.641025641025641	0.0	0.0	0.09139375476009139	0.018931505811972282	0.0	0.0	0.0	0.0	0.0	0.011260838557111219	27.691046224568275	0.5283381364073007	0.0	0.0	0.025936973155232784	0.0	0.0	0.0	0.0	0.0	0.0	0.0	0.032785349632335724	0.633037253082328	0.0	0.0	0.042936882782310004	0.14336127040141156	15.121412803532008	0.0	0.138091744702887	0.05692329585883023	0.0	0.0	0.0	0.14878347628216348	0.0	0.0	0.0	23.017470413010223	0.0	0.0	0.2693326029398338	0.0	0.015978695073235686	0.0	1.7508170479557126	0.0	0.0	0.03577390889577868	0.11684843089249945	0.2846133636920921	0.0	0.0	0.0	0.0	0.0	0.16457035382626073	0.0	0.0	0.0	0.0	0.0	1.4300061130032313	0.0	0.01364163426778528	0.0	0.0479550592587518	0.005827505827505828	0.2792360102758852	0.010631135050852263	0.03474031613687685	39.195073024793615	0.0	0.0	0.009430848304805017	0.022123893805309734	0.0	0.0	0.0	0.0	0.0	0.0	0.0	0.0	0.16121775644871025	0.010613739485764322	0.0	0.0	0.0	0.0	0.0	0.0	0.04570848146267141	0.0	0.0	0.0	0.026210602188585286	0.0	0.0	0.0	0.4925530667292131	0.0	1.7364939360529217	0.0	0.0	0.029565388784862517	0.0	0.4673317156466253	0.04519161243673174	0.0	0.07143176034644404	0.0	0.0	0.0	0.0	0.0	0.34516960920452294	0.0	0.0	0.0	0.01686795762769044	NA
NA19918	0.0	0.0	0.13900472616068948	0.0	0.0	1.2161022591096713	0.08858603066439523	0.0	0.03905001952500976	0.06807079362537038	0.032228954492716254	0.0	0.0056682915769187174	0.0	4.523424878836833	0.0	0.03622532149972831	0.0	0.010128633647320976	0.0	0.0	0.0	0.0	0.0	0.0	0.0	0.023589078256767117	0.14645072363886977	0.00983800091821342	0.0	0.012767315671879989	0.0	0.0	0.0	0.0	0.027189428750101958	0.0	0.013157894736842105	0.0	17.448471926083865	0.04856726566294317	0.0	0.0	0.0	0.10783332049603327	2.0017533606078315	0.0	0.0	0.0	0.0	0.0	15.67617395076456	16.974844119544183	0.0	0.017470300489168412	0.08589884551951621	0.21569865319865322	0.0	0.0227125243348475	0.0	0.0	0.0	3.526537388359848	0.02822626171389861	0.0	0.0	0.6020362992474546	0.0	0.0	0.0	0.0	0.036269993834101046	NA	0.054832076764907464	21.188083111732094	0.08503205938455174	0.09457874626413952	0.0	0.0	NA	0.0030209655005739833	0.026330417483397206	0.00702000702000702	0.026179723803913868	0.0	0.0	0.0	0.13759889920880633	0.03692971990227828	0.0	0.0	NA	0.0	0.0	0.0	0.070048209650171	0.0	0.12975686541447745	0.0	0.0	0.38002651347768446	0.0	0.0	0.0	0.0	0.0	0.0	0.0	0.006948787436592315	0.004033721915211166	0.0	0.21810250817884408	0.0	0.08782715615668364	0.0	0.0	27.818651819447204	0.05512955445296446	1.8637274549098197	0.0	0.018648267043184057	0.07332722273143905	0.011491611123879567	0.0028993911278631487	0.0	0.0	0.0	0.0	0.0	0.0	0.0	0.0	0.0	0.18374846876276033	0.0	0.03961441964875215	0.0	0.0	0.21128511061396965	0.008066793046424393	0.0	1.4663573085846866	0.0	0.09403935185185185	0.012887151509944586	0.04282859046350052	0.0	0.0	0.0	0.027019724398811132	0.046537208613614246	0.0	0.0	0.0	0.02585231862982711	0.007638544093495779	0.032606480538006924	0.0583175389998542	0.0	37.92095564874825	0.6894390473205891	0.0	0.0	0.010925379656943079	0.01751927119831815	0.0	0.0	0.0	0.02620250795433277	0.0	0.0	26.79081263050241	1.834790755777639	0.0	0.0	0.0	0.0	0.0	0.0	0.0	0.0	0.0	0.0	0.16700764059955744	0.6553224296492097	0.060252512803658974	0.0	0.0	0.01711596063329054	14.132038650102338	0.0	0.06348630509704335	0.0	0.0	0.0077621671970814245	0.0	0.0387086784857165	0.0	0.0877674163466813	0.0	22.40978215909174	0.0	0.0	0.1434054578430132	0.0	0.0	NA	1.880258801372984	0.0	0.0	0.0	0.05019576347756249	0.20480957312162007	0.0	0.012301636117603642	0.0	0.0	0.0	5.334203859317768	0.0	0.0	0.002906131938390003	0.0	0.0	1.4635354513318173	0.0	0.02810918858142295	0.0	0.015416872224963	0.0	0.5989817310572028	0.024451585859997203	0.06686620391008087	45.76490924805531	0.0	0.0	0.0	0.051131279560271	0.0	0.0	0.0	0.0	0.0	0.0	0.0	0.0	0.07372932122943643	0.0	0.0	0.0	0.0	0.019646365422396856	0.0	0.0	0.052833813640730067	0.0	0.016812373907195696	0.0	0.0	0.0	0.0	0.0	0.30985333608758525	0.0	2.2333542058025464	0.04290413309815512	0.0	0.031202221598177787	0.0	0.41198138813493607	0.01620745542949757	0.0	0.02517834662190516	0.0	0.0	0.0	0.0	0.0	0.7709404083900542	0.051124744376278126	0.0	0.0	0.0	0.1551661190215407
NA19919	0.0	0.0	0.11818125272127884	0.0	0.0	1.1725061164197017	0.01923570146191331	0.0	0.03704389701796629	0.020394012317983438	0.0	0.0	0.0	0.0	3.280218681245416	0.0	0.0	0.05757494338463901	0.02287936852942859	0.0	0.03354203935599284	0.0	0.0	0.0	0.0	0.0	0.0	0.004722327162825841	0.0	0.0	0.0	0.0	0.0	0.0	0.0	0.0	0.0	0.0	0.0	14.08358012504113	0.007745633399171218	0.0	0.0	0.031323414252153486	0.0	1.1495414466536975	0.0	0.0	0.019726089161923012	0.00487971502464256	0.0	6.21339275029091	0.0	0.0	0.0	0.1457518663348738	0.06839571022105494	0.0	0.006184483131822258	0.0	0.02216557685913776	0.0	2.8944340572414786	0.01697120552129886	0.0	0.0	0.3624979403526116	0.0	0.0	0.0	0.0	0.09427662332560789	NA	0.0	14.346380866148563	0.0	0.1145094562647754	0.0	0.019286403085824494	0.0	0.0030283758820144756	0.026836832061068704	0.05636382851305175	0.04376662290004377	0.0	0.0	0.0	0.0	0.0	0.0	0.0	0.0	0.0	0.0	0.0611396429444852	0.04948798964558986	0.0	0.0	0.0	0.0	0.18272320584714258	0.0	0.0	0.0	0.0	0.029766334275933917	0.0	0.0	0.009459171849504575	0.06894768594329054	0.0	0.046578590785907856	0.0	0.0	0.0	0.0	19.668610003068427	0.025334414268342115	0.5489935118948595	0.0	0.02580571166418167	0.0	0.0	0.0	0.0	0.0	0.0	0.0	0.0	0.0	0.0	0.0	0.0	0.09408812921436412	0.0	0.01465630954125751	0.0	0.0	0.0	0.0	0.0	1.7690307252704915	0.0	0.0	0.0	0.00474293302978562	0.0	0.0	0.0	0.0	0.018779342723004695	0.012784454103809769	0.0	0.005840439201027918	0.0	0.0	0.022334390494483405	0.0	0.0	26.873686668223208	0.41803523439832785	0.0	0.0	0.061823802163833076	0.025746652935118432	0.0	0.0	0.0	0.0	0.0	0.0	20.756453872323394	1.5716284045091746	0.0	0.0	0.0	0.0	0.0	0.0	0.0	0.0	0.0	0.031199301135654563	0.025272734931131798	0.401227283455275	0.022633395575171165	0.0	0.0	0.1663567863783149	11.96129336794902	0.0	0.18552093435088754	0.0	0.0	0.0	0.0	0.007828401440425865	0.0	0.018691588785046728	0.0	14.487817657846477	0.0	0.0	0.0995197092293713	0.0	0.0	0.0	1.4176696860652687	0.0	0.0	0.023080030004039003	0.07279155617948317	0.0637529220089254	0.0	0.0	0.0	0.0	0.0	0.12396694214876033	0.0	0.0	0.0	0.0	0.0	0.9097998440343125	0.0	0.0	0.0	0.02243302140751186	0.0029385836027034967	0.11953977187826867	0.029122679286494358	0.03729951510630362	39.08925667272553	0.0	0.0	0.024365284342868283	0.0	0.0	0.0	0.0	0.0	0.0	0.0	0.0	0.0	0.09484238099539337	0.0	0.0	0.0	0.0	0.006444129398118315	0.0	0.0	0.0	0.0	0.028477858465043433	0.0	0.0	0.0	0.0	0.0	0.15855039637599094	0.0	1.1336478950916111	0.0	0.0	0.0	0.0	0.30458089668615984	0.015413070283600493	0.0	0.0	0.0	0.0	0.0	0.0	0.0	0.4475211523669673	0.05189413596263622	0.0	0.0	0.0	0.0
NA19920	0.0	0.0	0.25713089756622615	0.0	0.0	1.048965719800277	0.0	0.0	0.029309182566898205	0.0267022696929239	0.014658028202046262	0.0	0.0	0.0	5.301084027821292	0.0	0.0	0.05442263981816436	0.004661135452596252	0.0	0.0	0.0	0.0	0.0	0.0	0.030358227079538558	0.0	0.08896077638495754	0.015902296291584506	0.01203550473897999	0.0	0.0	0.06769564040075819	0.0	0.0	0.07143403831925912	0.0	0.05882899340496022	0.0	29.12005965697241	0.029245110583074392	0.0	0.020215633423180595	0.0320547066994337	0.0	1.7349326475114362	0.0	0.0	0.028221482192244733	0.029140359397765908	0.0	15.75122782399519	17.15580868251293	0.0	0.0	0.04253648321444931	0.08610998158203172	0.014947683109118088	0.07666450433449314	0.0	0.0	0.0	2.0486342438374416	0.03316749585406302	0.0	0.0	0.27511830086937383	0.0	0.0	0.0	0.0	0.14860848419346123	NA	0.0	22.109959895155335	0.05041537888253217	0.04317323259579061	0.0	0.010634526763559022	0.0	0.0	0.016014519831313724	0.0	0.0	0.0	0.0	0.0	0.0	0.0	0.0	0.0	0.0	0.0	0.0	0.0	0.064	0.0	0.0	0.0	0.0	0.18271991647089533	0.0	0.0	0.0	0.02413709872073377	0.03415300546448088	0.0	0.0	0.0	0.026685982234760396	0.0	0.08134175155905024	0.0	0.0	0.0	0.0	20.353982300884958	0.0475511174512601	0.7838745800671892	0.040987806127677016	0.0	0.0	0.007637668983426257	0.0	0.0	0.0	0.0	0.0	0.0	0.0	0.01759633996128805	0.0	0.013429668824366792	0.09007300654214469	0.09036563325455303	0.0	0.0	0.014000560022400896	0.0	0.0	0.0	2.589765673725164	0.0	0.036163749457543755	0.0	0.04129955947136564	0.0	0.0	0.0	0.037787182587666265	0.0	0.0	0.0	0.0	0.014554769597997265	0.0	0.01992825827022718	0.0	0.0	32.80330537122825	0.30703101013202333	0.0	0.011753367339742837	0.0	0.0	0.0	0.0	0.022001393421583366	0.013977217136068207	0.0	0.0	22.70964130043588	1.998765241549622	0.0	0.0	0.0	0.0	0.017058296729071602	0.0	0.0	0.0	0.0	0.0	0.04877453969028168	0.4932829554995802	0.0	0.0	0.0	0.27709861450692747	15.282421648611297	0.0	0.04415400918403391	0.031665611146295125	0.0	0.0	0.0	0.0	0.0	0.0	0.0	14.66787734860655	0.0	0.0	0.18621220094725338	0.0	0.0	NA	1.2035075329566856	0.0	0.0	0.01054463014709759	0.01848685122706475	0.10179460111597045	0.0	0.0	0.0	0.0	0.0	0.027369141293191925	0.0	0.0	0.0	0.0	0.0	1.1143372832143137	0.0	0.0	0.0	0.08209939891511508	0.0	0.4104925911093312	0.042547156431711815	0.05774022974533519	41.24084717738761	0.01439781153264704	0.0	0.0	0.032417012448132776	0.0	0.0	0.0	NA	0.0	0.0	0.0	0.0	0.03673469387755102	0.01831262262916939	0.0	0.014104372355430182	0.0	0.0	0.0	0.0	0.0	0.0	0.011340440009072352	0.0	0.0	0.0	0.0	0.0	0.31826861871419476	0.0	0.9351879254217224	0.0	0.0	0.0029367713136178087	0.09109127345600292	0.34120594977874924	0.037097148156735454	0.0	0.01961091935989959	0.0	0.0	0.05500171880371262	0.0	0.0	0.2690065970665471	0.0	0.0	0.0	0.0	0.12453300124533001
NA19923	0.0	0.0	0.18733381677544114	0.0	0.0	0.23017777560115577	0.024330900243309004	0.0	0.0	0.0	0.0	0.0	0.0	0.0	3.660971821610828	0.0	0.0	0.008049909438518818	0.0	0.0	0.11090573012939	0.0	0.0	0.0	0.0	0.012277973315871327	0.0	0.0	0.0	0.0	0.03249214773096502	0.0	0.0	0.0	0.0	0.05598279265741477	0.028037008851684225	0.020066889632107024	0.0	14.477379095163807	0.03348821633387752	0.0	0.011478859766596518	0.013713658804168954	0.0	2.3284269286757424	0.0	0.0	0.0	0.0	0.0	10.67539497702524	0.0	0.0	0.0	0.15062131291577757	0.10242303640407352	0.018472337674332685	0.10394650220020096	0.0	0.0	0.0	3.5413483762290907	0.0	0.0	0.014856633486851881	0.3425309229305423	0.0	0.0	0.0	0.0	0.03225806451612903	NA	0.0	13.65973303146078	0.00767773967344014	0.09247971751649922	0.0	0.030646644192460923	0.0	0.0	0.01609683858090271	0.0	0.0	0.0	0.0	0.0	0.046446818392940084	0.0829584250662072	0.0	0.05735462807729639	0.0	0.0	0.0	0.033547665641599105	0.0	0.0	0.02790238458071301	0.0	0.0	0.024289531212047608	0.0	0.0	0.0	0.0	0.03234152652005175	0.0	0.0	0.004971167230065619	0.012496875781054738	0.0	0.12598689736267427	0.0	0.0	0.0	0.19646365422396855	19.336893635959058	0.036561400301631554	1.5602380569406464	0.0	0.006021194605009634	0.0	0.036850509765385085	0.0	0.0	0.0	0.0	0.0	0.0	0.0	0.0	0.0	0.0	0.26434047052603754	0.0	0.0	0.0	0.0	0.0	0.0	0.0	0.9962904080551138	0.0	0.017088174982911826	0.0	0.0	0.0	0.0	0.015881082454580104	0.0	0.0	0.0	0.0	0.0	0.00708842814105972	0.0	0.0	0.014835694681403458	0.0	31.113868210642405	0.17482517482517482	0.0	0.0	0.0	0.0	0.0	0.0	0.0	0.0	0.014937635372320563	0.0	19.595921803386027	2.3686659335081637	0.0	0.0	0.011350737797956867	0.0	0.0	0.0	0.0	0.0	0.0	0.004665049449524165	0.0	0.5178791615289766	0.0	0.0	0.052962595167163194	0.11848341232227488	13.030220528178601	0.0	0.10092425369170295	0.023440475841659588	0.016674309058318394	0.0	0.0	0.015827793605571384	0.0	0.0	0.0	26.959713361880628	0.0	NA	0.2217862321931246	0.0	0.0	0.0	2.5888324873096447	0.0	0.0	0.02383648173529587	0.0	0.15170852698244514	0.0	0.0	0.0	0.0	0.0	0.07293946024799416	0.0	0.0	0.0032328979697400753	0.0	0.0070274068868587496	0.9078475759290701	0.0	0.06994171523730225	0.0	0.006747410681151107	0.0	0.19646365422396855	0.05103442861068583	0.15518546555639667	32.973493975903615	0.0	0.0	0.032180209171359615	0.03458053807317242	0.0	0.0	0.0	NA	0.0	0.0	0.04916766172648732	0.0	0.04336513443191674	0.011317978609020429	0.0	0.0	0.0	0.013178703215603585	0.0	0.0	0.0	0.0	0.04630701551285019	0.0	0.014703359717695494	0.006885392639515269	0.0	0.0	0.12868356710848022	0.0	0.8725836756791184	0.05967477248992988	0.0	0.02563938209089161	0.0	0.3131580368230657	0.04807949142582403	0.0	0.0045854732208363905	0.0	0.0	0.0	0.0	0.0	0.33521380099746545	0.0	0.0	0.0	0.018696481322215158	NA
NA19924	0.06205223670107745	0.0	0.029934144881261223	0.0	0.0	0.21886293072733753	0.0	0.0	0.02998500749625187	0.0	0.0	0.0	0.0	0.0	2.814814814814815	0.0	NA	0.03553155201819216	0.0	NA	0.0	0.0	0.0	0.0	0.0	NA	NA	0.03428179636612959	0.0	0.0069213732004429675	0.0	0.0	0.0	0.0	0.0	0.0	0.0	NA	0.0	5.445634416409511	NA	0.0	NA	0.0	0.0	1.1633568225496476	0.0	0.0	0.0	0.0	0.0	6.081382385730212	11.752905776151986	0.0	0.0	0.017801830028126894	0.04946499700606597	NA	0.017433751743375175	0.0	0.0	NA	0.4483170035069959	0.0	0.0	0.0	0.3638568829593693	0.0	NA	NA	0.0	0.0	NA	0.0	10.581963173692936	0.0	0.05123513266239707	0.0	NA	0.0	0.0	0.0	0.0	0.0	0.0	0.0	0.0	0.0	0.0	0.0	0.0	0.0	0.0	0.0	0.03282224410371829	0.028541867351671486	0.0	0.0	0.0	0.0	0.053627518578104647	0.0	0.0	0.0	0.0	0.0	0.0	0.0	0.0	0.030553009471432937	NA	0.03837666698647223	0.0	0.0	0.0	0.0	10.255351647155148	0.0	0.4919706674092639	0.0	0.0	0.0	0.0	0.0	0.0	NA	0.0	0.0	0.0	0.0	0.0	0.0	0.0	0.0	0.0	0.0	0.0	0.0	0.0	0.0	0.0	0.0	0.0	0.0	0.0	0.08283793002631322	0.0	0.0	0.0	0.0	0.0	0.0	0.0	0.0	0.011147029316687103	0.0	0.0	0.0	0.0	22.893016855865152	0.5910359546872435	NA	0.0	0.014324595330181922	0.0	NA	0.0	NA	NA	NA	0.0	8.785495849716034	1.302374918969886	0.0	0.0	0.13214403700033034	0.0	0.0	0.0	0.0	0.0	0.0	0.0	0.0	0.2516113466377141	0.0	0.0	0.0	0.03595828838547285	8.05615164520744	0.0	0.045224994346875706	0.019572207465399134	0.0	0.0	0.0	0.0	NA	0.0	0.0	NA	0.0	0.0	0.1216397031991242	0.0	0.0	NA	1.3110360097890688	NA	0.0	NA	0.0	0.118046688669927	0.0	NA	0.0	0.0	0.0	NA	0.0	0.0	0.00939790739928576	0.043010752688172046	NA	0.7093451809966174	0.0	NA	0.0	0.0	0.03681207436039021	0.4861649857770882	NA	0.0	16.324276562845153	0.0	0.0	0.0	0.0	0.0	0.0	0.0	NA	0.0	0.0	0.06620567897601883	0.0	0.0	0.0	0.0	0.0	0.0	0.0	0.0	0.0	0.0	0.0	0.0	0.0	0.0	0.0	NA	0.0	0.10230760486529498	0.0	1.127297393326658	0.0	NA	0.0	0.0	0.22874406560207164	0.0	0.0	0.019887832624000637	0.0	0.0	0.01638896476372576	0.0	0.0	0.16398688104951603	0.0	0.0	0.0	0.0	NA
NA20126	0.0	0.0	0.11599133931333126	0.0	0.0	0.31352498552961605	0.0	0.0	0.02150603705182955	0.0042178075836180355	0.0	0.0	0.0	0.0	1.6764033528067057	0.0	0.0	0.0	0.016208331082176237	0.0	0.0	0.008692628650904033	0.0	0.0	0.0	0.004235314048536699	0.0	0.0	0.0	0.02047382275519158	0.003517411185367569	0.0	0.0	0.0	0.0	0.0	0.0	0.0	0.0	20.172910662824208	0.06082478407201655	0.0	0.0	0.0	0.0	0.9814215612745623	0.0	0.0	0.03698856199852046	0.0	0.0	9.207132443646966	24.54458307675321	0.0	0.0	0.0468055230517201	0.11243808308262679	0.05296610169491525	0.022281639928698752	0.0	0.0	0.0	1.1358607464227761	0.006529546196539341	0.0	0.0	0.09976976208749042	0.0	0.0	0.0	0.0	0.03095256519384044	NA	0.0	13.544579061820441	0.006083711875405581	0.05755602719522285	0.0	0.041813965864598776	0.0	0.021124529099038836	0.0	0.0	0.0	0.0	0.0	0.0	0.0	0.0	0.0	0.0	NA	0.0	0.0	0.046468401486988845	0.011028600838173664	0.0	0.0370677634017616	0.0	0.0	0.10473641335971139	0.0	0.0	0.0	0.0	0.0	0.0	0.038554216867469876	0.0	0.004469873055605221	0.0	0.058338518979464835	0.0	0.0	0.0	0.042634832658281815	23.30862639962151	0.0	0.5696530295183843	0.0	0.0	0.0	0.0	0.0	0.0	0.0	0.03815216354560773	0.0	0.00924000924000924	0.0	0.0	0.0	0.0	0.07763573314010662	0.0	0.0	0.0	0.0	0.0	0.0	0.0	0.6540049545829892	0.0	0.04517639328103824	0.014104372355430182	0.014956625785222853	0.059106894819280664	0.0	0.0	0.0	0.0	0.011588828369451848	0.0	0.0	0.0	0.0	0.012643290627107215	0.00861994655633135	0.0	33.30871491875923	0.5090909090909091	0.0	0.0	0.02764722145424385	0.0	0.0	0.0	0.016253555465258022	0.0	0.0	0.0	14.999361185639454	2.2336940335550484	0.0	0.0	0.0	0.0	0.0	0.0	0.0	0.0	0.0	0.0	0.0	0.23650766512794208	0.0	0.0	0.04773127293338505	0.052461965075320395	8.191358866021535	0.0	0.11168881186212208	0.04730648690201644	0.0	0.0	0.0	0.009652509652509652	0.0	0.0	0.0	16.986001407679673	0.0	0.0	0.08210180623973727	0.0	0.0	NA	0.8765281576432595	0.0	0.0	0.0	0.03164723877841658	0.013441462431112506	0.0	0.0	0.0	0.0	0.0	0.040319870976412875	0.0	0.0	0.0	0.0	0.0	0.554747357191349	0.0359557025744283	0.0	0.0	0.0	0.0	0.08911332244170504	0.0	0.06147331033776169	29.660574412532636	0.0	0.0	0.0	0.011806375442739079	0.03671071953010279	0.0	0.0	NA	0.0	0.0	0.0	0.0	0.04957312035251996	0.0	0.0	0.0	0.0	0.02183247216359799	0.0	0.0	0.0	0.0	0.10952902519167579	0.0	0.0	0.0	0.0	0.0	0.14498757249378624	0.0	0.8244994110718492	0.0046236360273719255	0.0	0.0	0.0	0.20693222969477496	0.03322479898996611	0.0	0.0	0.0	0.0	0.0	0.0	0.0	0.16971664698937425	0.0	0.0	0.0	0.0	0.043649061545176775
NA20281	0.0	0.0	NA	0.0	0.0	1.433974811920695	0.0	0.0	0.0	0.037928273420708834	0.0	0.0	NA	NA	3.7676080070095033	0.0	0.0	NA	0.0	0.0	0.0	0.0	0.0	0.0	0.0	0.0	0.0	0.056028686687584046	0.0	0.03071939231456658	0.01839080459770115	0.09220231822971549	0.021795989537925022	0.0	0.0	0.01116632237172687	0.0	0.0	0.0	26.80921052631579	0.02717813325050474	0.0	0.03731900283624422	0.0	0.0	2.2337673264202933	0.0	NA	0.0	0.0	0.0	NA	0.08561643835616438	0.0	0.04728538881485621	0.07868336502524426	NA	0.007705347511172755	NA	0.0	0.0	0.0	3.659230234468811	0.012841091492776886	0.0	0.0	0.4297583802884157	0.0	0.0	0.0	0.0	0.09243364584708834	NA	0.0	17.233381471270405	0.026593723881164044	0.23103581055063535	0.0	0.0	0.0	0.014462884622337926	0.0	0.010751532093323298	0.030334283807559304	0.0	NA	0.0	0.07293946024799416	0.007139542355335023	0.0	0.04319281271596406	NA	0.0	0.0	0.01174674027957242	0.042745698714066895	0.0	0.024950544456523675	0.0	0.0	0.10500892575868949	0.09314456035767511	0.0	0.0	NA	0.11345103878607388	0.0	0.0	0.034531789559211865	0.07398577828928439	0.0	0.05169397168760936	NA	NA	0.0	0.01950458357714063	20.35062089116143	0.0	0.5617243631613325	0.0	NA	0.0	0.0	0.0	0.02592016588906169	0.0	0.0	0.024443237370994027	0.05542469170015242	0.012774655084312725	0.0	NA	0.0	0.28958037171589535	0.0	0.0	0.0	0.0	0.0	0.0	0.0	1.6372066067806432	0.0	0.0	0.013296693555535857	0.029925187032418952	NA	0.0	0.0	0.0	0.0	0.0	0.0	0.0	0.029578638844819705	0.014058765640376775	0.04660375160200396	0.0	0.032263268269075655	28.69009584664537	1.1285038223516564	0.0	0.0	0.0	0.0	0.0	0.0	0.0	0.0	0.0	0.0	19.142459558184033	4.677623261694058	0.0	0.0	0.10583410504034925	0.0	0.0	0.0	0.0	0.0022119978764820387	0.21244954323348203	0.0	0.0	0.6205531482373081	0.0	0.0	0.011900511722004046	0.1555591943671197	10.820196481608408	0.0	0.07653619068445222	NA	NA	0.0	0.0	0.024279702168986728	0.0	0.019232002051413552	NA	21.7211607782993	NA	NA	0.06525711302531975	0.06663211668023987	0.0	NA	1.9041326285439693	0.0	0.0	0.02982581722739203	0.061140265960156925	0.08110613316854627	0.0	0.0	0.0	NA	0.0	4.793608521970706	0.0	0.0	0.0	0.0	0.0	1.0745253401106294	0.0	0.0	NA	0.0622480436329144	0.0	0.23756731073804244	0.05150568279366824	0.06356701779876499	43.759266747540096	0.0	0.0	NA	0.018277080541001585	NA	0.0	0.0	NA	0.0	0.0	0.0	0.003389256058295204	NA	0.0	0.0	NA	0.0	0.0	NA	0.0	0.015248551387618176	0.0	0.7149240393208222	0.03672195360793194	0.0	NA	0.0	0.0	0.11705863573480899	0.03613649269526612	1.7856503846842013	0.0	0.0	0.01688732774925696	0.11980830670926518	0.4247063758389262	NA	0.0	0.008203781943475943	NA	0.0	0.0	0.0	NA	0.0	0.0	NA	NA	0.0	0.07963192355335338
NA20287	0.011849745230477545	0.0	0.105515587529976	0.0	NA	0.9981637553557136	0.0	0.0	0.0	0.022189677362091154	0.0	0.0	0.0	0.0	3.8413273842721694	0.0	0.0	0.009216165153679554	0.01937984496124031	0.0	0.0	0.0	0.0	0.0	0.0	0.008270614506657845	0.0	0.0	0.0	0.011510460130643722	0.0	0.020167389331451045	0.0	0.0	0.0	0.00628002637611078	0.0	0.0	0.0	24.926686217008797	0.027068483262654517	0.0	0.0	0.0	0.145069674308365	1.5884751061447795	0.0	0.05244713567120414	0.0	0.011355893708834885	0.0	12.438928528627594	0.07549204637368563	0.0	0.020923785112726894	0.09248554913294797	0.14875658894673868	0.06141967184346758	0.062732633515955	0.0	0.0	0.0	2.9978184006620023	0.01263902932254803	0.0	0.0	0.40303461356092934	0.0	0.0	0.0	0.0	0.03822337741762862	NA	0.0	20.96598773976666	0.0	0.20759193357058123	0.0	0.03956165684218855	NA	0.0166008167601846	0.006882549296259335	0.0	0.006879708300368064	0.0	0.0	0.0	0.0	0.0	0.0	0.0	NA	0.0	0.0	0.0	0.06802176696542894	0.0	0.0	0.0	0.0	0.17211703958691912	0.0	0.0	0.0	0.0	0.022026431718061675	0.0	0.0	0.0602960745176314	0.15381910872813573	0.0	0.05884299952190063	0.0	0.0	0.0	0.0	23.26127819548872	0.019100372457262916	1.2255479613481028	0.0	0.0	0.0	0.0	0.0	0.0	0.0	0.0	0.0	0.028649190660363845	0.0	0.0	0.0	0.0	0.24842567450459296	0.0	0.0	0.0	0.04695846132775049	0.0	0.0	0.0	0.006706008583690987	0.0	0.01292045307722124	0.0	0.0	0.0	0.0	0.02618657937806874	0.0	0.0	0.0	0.0	0.0	0.03329197058200418	0.048115477145148355	0.0	0.0	0.0	37.30684326710817	0.7032348804500703	0.0	0.0	0.0	0.0	0.0	0.0	0.0	0.0	0.0	0.0	26.514157134820927	2.157609322718357	0.0	0.0	0.0	0.0	0.0	0.0	0.0	0.0	0.0	0.06046406167334291	0.0	0.6321647863041046	0.0	0.0	0.0	0.0816743236345074	13.327633196173782	0.0	0.1975121869221718	0.015424481737413622	0.0	0.0	0.0	0.0	0.0	0.0	0.0	20.22171093913407	0.0	0.0	0.009551554515497397	0.0	0.0	NA	1.5533460547018847	0.0	0.0	0.030820440115884855	0.07016723190270144	0.1760327574000727	0.0	0.0	0.0	0.0	0.0	0.11188508319197314	0.0	0.0	0.0	0.0	0.04875670404680643	1.2708238507055074	0.0	0.0	0.0	0.0	0.0	0.3226335648274731	0.059155262846551246	0.08062537245416623	37.55209662328826	0.0	0.0	0.0	0.0	0.04755253068624246	0.0	0.0	NA	0.0	0.0	0.0	0.0	0.15135878912968698	0.01474404340646379	0.0	0.0	0.0	0.0	0.05490231962300407	0.0	0.04965517241379311	0.0	0.14897579143389197	0.0	0.0	0.0	0.0	0.0	0.25664955669622025	0.0	1.0653689333157963	0.0	0.0	0.03883495145631068	0.0	0.5802452855070552	0.0	0.0	0.11165200303693448	0.0	0.0	0.0	0.0	0.0	0.678750189595025	0.0	0.0	0.0	0.0	NA
NA20289	0.0	0.0	0.12079118224369621	0.0	0.0	0.5989940557841793	0.0	0.0	0.0	0.0	0.0	0.0	0.0	0.0	2.386959052978847	0.0	0.0	0.011431619860534236	0.0	0.0	0.0	0.0	0.0	0.0	0.0	0.0761904761904762	0.0	0.06874669487043893	0.0	0.0	0.010009676020152816	0.0	0.0	0.044273254526940274	0.0	0.0	0.0	0.0	0.0	12.125403411710465	0.04010427110487267	0.07276816723447888	0.0	0.003912975426514321	0.0	1.532377656945131	0.0	0.0	0.0833866081107374	0.0	0.0	9.52869470762175	33.77628842153918	0.0	0.03072061792328623	0.08653950167670285	0.07951313495825561	0.0	0.04209237362721464	0.0	0.0	0.0	2.4032825322391558	0.0	0.22533534576220743	0.0	0.45090909090909087	0.0	0.0	0.0	0.0	0.06746626686656672	NA	0.0	14.777874365191929	0.0	0.14937694091748888	0.0	0.0	NA	0.0	0.0	0.0	0.0033507572711432786	0.0	0.0	0.0	0.0	0.010341618118514943	0.0	0.0	NA	0.0	0.07425007425007425	0.0	0.0	0.0	0.029208618260540876	0.0	0.0	0.6352489289407593	0.0	0.0	0.0	0.0	0.02063557573256294	0.0	0.0	0.0	0.0	0.0	0.10484927916120576	0.0	0.05968961400716276	0.0	0.3053435114503817	24.607121543664213	0.0	1.0507355148604023	0.0	0.0	0.0	0.0	0.0	0.0	0.0	0.0	0.0	0.0	0.0	0.0	0.0	0.0	0.06699793423036124	0.0	0.0	0.0	0.01374651427673697	0.0	0.0	0.0	1.8146360811793483	0.0	0.0	0.04600200736032118	0.0	0.0	0.0	0.0	0.0	0.0	0.0	0.0	0.0	0.0	0.048699322267765105	0.0	0.018114848137189783	0.0	32.16727619653363	0.2506265664160401	0.0	0.0	0.0	0.0038880248833592533	0.0	0.0	0.0	0.0	0.03393741939862893	0.0	18.859909560133374	2.5768452052273143	0.0	0.0	0.0	0.0	0.0	0.0	0.0	0.0	0.0	0.0	0.029057700290577	0.46163789123811283	0.0	0.0	0.02030280178664656	0.038476337052712584	9.392538050554483	0.0	0.08588957055214724	0.022782935581249643	0.0	0.0	0.0	0.13489208633093525	0.023763317359103333	0.0	0.0	16.83716452039957	0.0	0.0	0.013338668800853673	0.0	0.07894996545939012	NA	1.1864072564743	0.0	0.0	0.0	0.07780486539758286	0.18606093495619816	0.0	0.0	0.0	0.0	0.0	0.041647735877631376	0.0	0.0	0.012158424268214839	0.0	0.07348520275235487	0.7153314430792609	0.012309207287050716	0.0	0.0	0.016137361218693518	0.0	0.09402423735896365	0.022263450834879406	0.0	33.89051399916423	0.0	0.0	0.005313496280552604	0.0	0.0	0.0	0.0	NA	0.0	0.0	0.0	0.0	0.005851375073142188	0.0	0.0	0.0	0.0	0.0	0.013754527531979277	0.0	0.0	0.0	0.0	0.015214216163583254	0.019163696293741136	0.0	0.0	0.0	0.3180139515798112	0.0	0.7211200225130153	0.0	0.0	0.006858710562414267	0.0	0.35049137516321904	0.0	0.08358707982566123	0.0	0.0	0.0	0.0	0.0	0.0	0.32136105860113423	0.0	0.0	0.0	0.0	NA
NA20291	0.0	0.0	0.39940956846400977	0.0	0.0	0.7355714824594493	0.0	0.0	0.0	0.0	0.009954210631096954	0.0	0.014445126575421616	0.0	4.147230320699708	0.0	0.036231884057971016	0.00870852564660803	0.022192632046160673	0.0	0.0	0.011716461628588167	0.0	0.0	0.0	0.0	0.0	0.042514747302970717	0.0	0.0	0.0	0.015013512160944851	0.0	0.0	0.0	0.03489847715736041	0.0	0.0	0.0	33.232810615199035	0.0703358537014243	0.013362731342286363	0.01992587574223887	0.02331636420160883	0.16524441375228135	2.2689636422056894	NA	0.0	0.0	0.0	0.0	17.231242065878266	18.866650294695482	0.0	0.04808462894694662	0.17244082144536763	0.0814411831775092	0.00904649900488511	0.059686221009549796	0.0	0.0	0.0	2.7110708352212654	0.0	0.019825043986816344	0.0	0.7134914751667902	0.0	0.0	0.030072173215717722	0.0	0.10734549915657107	NA	0.0	23.24953251610222	0.038669760247486466	0.22934840479993446	0.0	0.018763486255746316	NA	0.0	0.02368064952638701	0.053475935828877004	0.021006196828064278	0.0	0.0	0.009765148186123725	0.0	0.0	0.0	0.0	NA	0.0	0.0	0.06506710044733631	0.08573233462683874	0.0	0.03575117184396599	0.0	0.0	0.11505588428665352	0.0	0.008058667096462245	0.0	0.0	0.007263219058686809	0.0	0.0	0.1027115858668858	0.12415199751696004	0.0	0.1889660271946761	0.0	0.0	0.0	0.0	27.639751552795033	0.047284118446716705	1.8050541516245486	0.0	0.006559742858079963	0.0	0.0	0.0	0.0	0.0	0.0	0.0	0.07620136209934752	0.0	0.0	0.0	0.0	0.22568868237636905	0.010856584518510477	0.0	0.0031320471059884743	0.00667616165212747	0.0	0.00879584835957428	0.0	3.0806451612903225	0.0	0.02012639375276738	0.005577867023650156	0.0	0.0	0.0	0.0	0.004566418557925019	0.019244647582391146	0.0	0.0	0.0	0.0409435923278007	0.0	0.008788118463836892	0.0	0.0	47.620096959012784	1.1103400416377516	0.0	0.007748334108166745	0.057524160147261846	0.007899830153651697	0.0	0.0	0.0046225673739194745	0.0	0.0	0.028457598178713718	19.05347895195611	1.8598163431361152	0.0	0.0	0.0	0.0	0.0	0.0	0.0	0.0	0.0	0.0	0.03255359717248756	0.8262565985770026	0.0	0.0	0.0	0.20702147847839214	15.156599552572708	0.0	0.07406675883863323	0.03599712023038157	0.0	0.0	0.0	0.18344135991194815	0.0	0.0	0.0	24.675773819816705	0.0	NA	0.16025641025641024	0.0	0.0	NA	1.8748979258533398	0.0	0.07455731593662629	0.006276675872457946	0.0176699257863117	0.14688209373748165	0.0	0.0	0.0	0.0	0.0	0.03505628481283839	0.0	0.0	0.0	0.0	0.0	1.211087420042644	0.0	0.01498464074323818	0.0	0.0	0.0	0.26302247126765393	0.012035625451335954	0.10015691249624412	46.148663822142375	0.0	0.0	0.005891363261458701	0.0	0.0	0.0	0.0	NA	0.0	0.0	0.0	0.0	0.1836235038084875	0.0	0.0	0.0	0.0	0.0	0.0	0.0	0.09561304836895389	0.0	0.037290242386575516	0.0	0.06108597285067873	0.0	0.0	0.0	0.37187288708586885	0.0	1.0846296560582276	0.0	0.0	0.07745672526436317	0.0	0.2613050736735138	0.0	0.0	0.02304359848833994	0.0	0.0	0.0	0.0	0.0	0.0	0.0	0.0	0.0	0.0	0.11325028312570783
NA20314	0.0	0.0	0.07529411764705883	0.0	0.0	0.7659472613396099	0.005924521594881213	0.0	0.0	0.0	0.0	0.010438958191972441	0.0	0.0	3.406943788379783	0.0	0.025590173373424605	0.09685620888655716	0.04264796474434915	0.0	0.0	0.08221148905559553	0.0	0.0	0.0	0.05278544745817769	0.0	0.0	0.0	0.0445993031358885	0.05388955810562353	0.0	0.0	0.0	0.0	0.018244845831052726	0.0	0.0	0.0	29.80164489598452	0.012085078955849178	0.0	0.022757443580504456	0.0	0.0	2.2606197250543705	0.0	0.0	0.0	0.0	0.0	13.009363048925227	18.921291329367016	0.0	0.013225180744136835	0.07093799374455872	0.04019914035684467	0.0	0.01307075636110143	0.0	0.0	0.0	2.5561037720833997	0.0	0.0	0.0454733360892931	0.5970594820508993	0.0	0.0	0.018218254691200583	0.0	0.026757642651682387	NA	0.0	21.3682691045886	0.0	0.15056022408963587	0.0	0.011933174224343675	0.0	0.003311148637462336	0.01468515037593985	0.0	0.012281617489023303	0.07613247049866768	0.0	0.0	0.0	0.0	0.0	0.03951163617685408	NA	0.0	0.06402048655569782	0.04013109491003946	0.0	0.0	0.0	0.0	0.0	0.33454987834549876	0.0	0.0	0.0	0.0	0.0	0.0	0.0	0.02691117390385022	0.0639145800436123	0.0	0.23766165622395755	0.0	0.0	0.0	0.1539408866995074	31.218307947760003	0.05803830528148578	1.6455696202531647	0.0	0.02979027645376549	0.0	0.03192168546499255	0.0	0.0	0.0	0.0	0.0	0.0	0.0	0.0	0.0	0.0	0.1288526955983919	0.0	0.0	0.0	0.0	0.0	0.0	0.0	1.0459183673469388	0.0	0.034719811124227486	0.0	0.022460805893715467	0.0	0.0	0.0	0.007255840951966333	0.0	0.0	0.0	0.0	0.021783526208304968	0.0	0.026620018253726802	0.0	0.0	41.31202378740011	1.310717039321511	0.0	0.0	0.11074197120708748	0.0	0.0	0.0	0.0	0.0	0.0	0.07275703696966941	21.649970031680795	1.5268632503101442	0.0	0.021706099413935316	0.0	0.0	0.0	0.0	0.0	0.0	0.0	0.0	0.0814011168660136	0.47442400383576855	0.0	0.0	0.0	0.1222792858889704	14.486932268698345	0.0	0.0975495551740284	0.03484624096175625	0.0	0.007089684509039348	0.0	0.2123818625889349	0.0	0.0	0.0	20.105756997455472	0.0	0.0	0.013457742687959805	0.0	0.0	NA	2.412625468617729	0.0	0.0	0.0	0.0	0.10950167134129941	0.0	0.0	0.0	0.005045663252434532	0.0	0.10338970533933978	0.0	0.0	0.0	0.0	0.0	1.0772694289913856	0.0	0.014132278123233465	0.0	0.0	0.0	0.10426046158949812	0.10030835531448527	0.0	35.103031893949336	0.010542962572482868	0.03973209217845386	0.0	0.0	0.0	0.0	0.0	NA	0.0	0.026587887740029542	0.0	0.0	0.1487994589110585	0.0	0.06517905068629706	0.030808503146868532	0.0	0.0	0.0	0.0	0.0	0.0	0.0	0.005939123979213066	0.0	0.0	0.0	0.0	0.3897708907690845	0.0	0.9616270853175213	0.0	0.0	0.034181659985705846	0.0	0.3747323340471092	0.05193006750908776	0.0	0.0	0.0	0.0	0.0	0.0	0.0	0.32179952845217613	0.014836061520201772	0.0	0.0	0.0	NA
NA20318	0.0	0.0	0.1959561770731273	0.0	0.0	0.3860793909733551	0.0	0.0	0.018367496877525532	0.0	0.0	0.0	0.0	0.0	3.6921850079744813	0.0	0.0	0.04594321418726454	0.0	0.0	0.03905233012236397	0.0	0.0	0.0	0.0	0.0	0.0	0.03671745915182669	0.0	0.03914277326548586	0.0	0.0	0.0	0.0	0.0	0.006852365779285298	0.0	0.0	0.0	18.694241686942416	0.0	0.0	0.0	0.004516711833785005	0.12204113803361216	1.3937487551447754	0.0	0.0	0.017247921625444133	0.0	0.0	15.60810370659892	14.736770783928451	0.0	0.0	0.05757052389176742	0.10415616705305245	0.0	0.021182850364345026	0.0	0.0	0.0	2.0321418451200257	0.0	0.024947610018960183	0.005121114354483536	0.6484836925424375	0.0	0.0	0.0	0.0	0.00879623521132955	NA	0.0	21.90779713171053	0.0	0.24070228431187468	0.0	0.05986948452373825	0.0	0.0	0.03399394907706428	0.0	0.011409013120365089	0.0	0.0	0.05895594383106442	0.0	0.003918955990124231	0.0	0.0	NA	0.0	0.0	0.0	0.04623742919893654	0.0	0.006369021081459781	0.0	0.0	0.18764434180138567	0.0	0.0	0.0	0.0	0.0	0.0	0.0	0.05752774515208898	0.009668842156151802	0.0	0.14550157626707624	0.0	0.08181074447777476	0.0	0.0	24.358033749082907	0.005621135469364812	1.452212090509963	0.0	0.04826254826254826	0.0	0.019653122389819682	0.0	0.16494845360824742	0.0	0.0	0.0	0.0	0.0	0.0	0.0	0.0	0.09357663257803624	0.022351363433169423	0.021164021164021166	0.0	0.0	0.0	0.0	0.0	1.9869310842641135	0.0	0.0	0.0	0.0	0.00993509074049543	0.0	0.0	0.0	0.0	0.0	0.0	0.0	0.0	0.018346940647647005	0.005003752814610959	0.0	0.005385319618719371	31.434328631617515	0.3663003663003663	0.0	0.0	0.015130882130428205	0.042227946454963895	0.0	0.0	0.0	0.0	0.0	0.0	24.682094168862413	0.94604064470918	0.0	0.0	0.0	0.0	0.0	0.0	0.0	0.0	0.0	0.0	0.0	0.36334001154538353	0.04913262028043388	0.0	0.0	0.02391772303276728	10.977625923068445	0.0	0.03375242595561556	0.02915074172442832	0.0	0.0	0.0	0.0	0.0	0.0	0.0	22.054274875984824	0.0	0.0	0.05603810591202018	0.0	0.0	NA	0.760578468130691	0.0	0.0	0.0	0.0	0.08750518122783586	0.0	0.0	0.0	0.0	0.0	0.0	0.027957690694748617	0.0	0.0	0.0	0.018730099269526127	1.070663811563169	0.0	0.0	0.0	0.0	0.0	0.10288688494825395	0.07782504928919788	0.03125	33.75985259494318	0.0	0.0	0.0	0.05185953474588828	0.0	0.0	0.0	NA	0.0	0.0	0.0	0.004146108876819106	0.060716454159077116	0.0	0.0	0.0	0.0	0.0	0.0	0.0	0.0	0.0	0.02426301103967002	0.0	0.02746309646412633	0.0	0.0	0.0	0.4198567547542604	0.0	1.1667190446260214	0.0	0.0	0.0919364106493009	0.0	0.38812921717322507	0.0	0.0	0.0	0.006313529894564051	0.0	0.0	0.0	0.0	0.16385384237260364	0.0	0.0	0.0	0.0	0.10597710894446799
NA20321	0.02744990392533626	0.0	0.11523582187834389	0.0	0.0	0.49291435613062234	0.0	0.0	0.0	0.009791442279447763	0.0	0.0	0.0	0.0	3.2199653597858604	0.0	0.055656045637957424	0.004382505039880796	0.0	0.0	0.0	0.0	0.0	0.0	0.0	0.0	0.0	0.0900468243486613	0.0	0.0	0.0	0.0	0.0	0.0	0.0	0.0	0.0	0.0	0.0	17.884231536926148	0.0	0.0	0.02953586497890295	0.0	0.26605950523165084	1.2540272614622057	0.0	0.0	0.10258642128823675	0.0	0.0	7.324861102241523	0.06226297617026094	0.0	0.0	0.0552944429084877	0.17507122996120972	0.0	0.06837469331939026	0.0	0.0	0.0	1.3818010520530737	0.0	0.0	0.04269044682667678	0.1552967276760954	0.0	0.0	0.0	0.016165535079211122	0.02871205906480722	NA	0.0	14.217018607568471	0.0	0.14124293785310735	0.0	0.10682204418548191	0.0	0.004067189978443893	0.060716454159077116	0.016235742988188497	0.007182618064284431	0.0	0.0	0.0	0.0	0.0	0.0	0.0	NA	0.0	0.016603021749958494	0.0	0.045165418344687416	0.0	0.043243243243243246	0.0	0.0	0.0536135535063264	NA	0.0	0.0	0.0	0.0	0.0	0.0	0.0	0.004670932785277219	0.0	0.0	0.0	0.0	0.0	0.0	17.31669266770671	0.0	0.410958904109589	0.0	0.003411339291805963	0.0	0.02246585190510424	0.0	0.0	0.04652708541043536	0.0	0.0	0.033568311513930846	0.0	0.0	0.0	0.0	0.11519340366193767	0.004485713004081999	0.0	0.0	0.0	0.0	0.0	0.0	0.10566140631923379	0.0	0.004215318467310205	0.014300695967203736	0.02146613716861651	0.0	0.0	0.0	0.0	0.0	0.0	0.0	0.0	0.014773667415199148	0.0	0.045310376076121435	0.0	0.0	28.681267474370927	0.06754474839581223	0.0	0.0	0.0312565117732861	0.0	0.0	0.030250648228176316	0.01412362883103432	0.0	0.0	0.0	17.477059381921737	0.4802364240857037	0.0	0.0	0.0	0.0	0.0	0.0	0.0	0.0	0.0	0.014526438117373619	0.0	0.2613212658147168	0.0	0.0	0.0	0.05207248489897938	7.334259626836046	0.0	0.12568077084206117	0.1005122884378445	0.0	0.00908787979764321	0.0	0.09612023767913318	0.0	0.007197869430648528	0.0	15.030659301677392	0.0	NA	0.0	0.06870491240123669	0.0	NA	0.9060022650056626	0.0	0.0	0.0	0.0	0.06054960409874244	0.0	0.0	0.0	0.0	0.0	0.0	0.0	0.0	0.0	0.0	0.0	0.7672634271099744	0.0	0.0	0.0	0.0	0.0	0.12146451500954364	0.0	0.026061057334326135	27.05675128923039	0.0	0.0	0.0	0.041794371691278906	0.0	0.0	0.0	NA	0.0	0.0	0.0	0.0	0.028850037505048755	0.01114620100315809	0.0	0.0	0.0	0.0	0.0	0.0	0.010932546190007653	0.0	0.13328255902513328	0.0	0.0	0.0	0.0	0.0	0.10390210113137843	0.0	1.0310876812155982	0.0	0.0	0.0	0.19357336430507163	0.27896124974639885	0.03307315782510914	0.0	0.0	0.0	0.0	0.0	0.004679019277559424	0.0	0.16015625	0.0	0.0	0.0	0.0	NA
NA20339	0.0	0.0	0.16773162939297126	0.0	0.0	0.680561463207146	0.0	0.0	0.06061830672863205	0.0	0.0	0.0	0.0	0.0	5.134456794550018	0.0	0.0	0.01576168334778154	0.0	0.0	0.0	0.0	0.0	0.0	0.0	0.0	0.0	0.0	0.0	0.0	0.01083149799617287	0.02059202059202059	0.0	0.0	0.0	0.0	0.0	0.0	0.0	14.735283228433913	0.054447981236388	0.0	0.0	0.0	0.0	2.620076613299283	0.0	0.0	0.020224784028199126	0.0	0.0	11.466197422943747	0.005409499080385156	0.0	0.0	0.06848327566320646	0.19199207258539003	0.0	0.007533807963235017	0.0	0.0	0.0	2.3725867996524235	0.0	0.0	0.01380135253254819	0.5041286397218601	0.0	0.0	0.0	0.0	0.023803856224708403	NA	0.0	16.38832379240195	0.0	0.13638311966644587	0.0	0.0	0.0	0.0	0.006452029163171818	0.0	0.055376734849271456	0.0	0.007058657443354275	0.0	0.0	0.032465424323095904	0.0	0.0	0.0	0.0	0.0	0.033435497353023126	0.07647208768799389	0.0	0.07253764115432873	0.0	0.0	0.20837467751538005	0.0	0.0	0.0	0.0	0.0	0.0	0.027906976744186046	0.011198960736443657	0.030329289428076254	0.0	0.23442604050574536	0.0	0.042363905952128786	0.0	0.0	17.64641672867698	0.005012531328320803	1.6790198154590832	0.0	0.0	0.0	0.016106301590497283	0.0	0.18442332245708612	0.0	0.0	0.0	0.0049625328767803085	0.0	0.0	0.0	0.0	0.13243571349740646	0.023147255121330194	0.0	0.0	0.0	0.0	0.0	0.0	0.7789115646258503	0.0	0.0709611290704092	0.04509675303378157	0.005052801778586226	0.0	0.0	0.0	0.0	0.009320533134495292	0.08626266982963122	0.0	0.0	0.01962873647019236	0.003940731399747793	0.0	0.020021356113187398	0.0	31.9668556476232	0.49575070821529743	0.0	0.0	0.0	0.0	0.0	0.0	0.03487358326068004	0.0	0.0	0.0	23.908776521170203	1.1538103656834466	0.0	0.0	0.0	0.0	0.0	0.0	0.0	0.0	0.0	0.04805382027871216	0.0	0.4370120032630229	0.0	0.0	0.01618227717004337	0.06872065055549192	10.814792986592014	0.0	0.028483072916666668	0.0	0.03391267486222976	0.0	0.0	0.04172577818576316	0.0	0.0	0.07564614414793024	16.722261548383415	0.0	NA	0.0	0.021616947686986597	0.0	NA	1.6192051814565807	0.0	0.0	0.025590173373424605	0.02114500185018766	0.26288117770767616	0.0	0.0	0.0	0.0	0.0	0.07307270734380708	0.0	0.0	0.006279829188646068	0.0	0.0	1.7630356789118042	0.0	0.0	0.0	0.0	0.0	0.21730863258542943	0.015985932379506036	0.05090267408714538	35.795698924731184	0.024622455679579776	0.0	0.0	0.0	0.0	0.0	0.0	NA	0.0	0.0	0.0	0.0	0.048454829331323356	0.0	0.027963088722885793	0.0043391477913737745	0.0	0.0	0.0	0.0	0.0	0.0	0.0	0.0	0.028029927337803746	0.0	0.0	0.0	0.5160180606321221	0.0	1.6062940501557124	0.0	0.0	0.028164055624009858	0.0	0.22192372831863574	0.0	0.0	0.02129471890971039	0.0	0.0	0.0	0.0	0.0	0.19149601375644834	0.0	0.0	0.0	0.0	NA
NA20358	0.04589963280293758	0.0	0.1980952380952381	0.0	0.0	1.0648480497726729	0.0	0.0	0.0	0.0	0.0	0.0	0.0	0.0	2.9752484648983986	0.0	0.017476406850751483	0.046242774566473986	0.0	0.0	0.0	0.0	0.0	0.0	0.0	0.0	0.0	0.029894089511445166	0.0	0.0	0.0	0.012359411692003462	0.0	0.0	0.0	0.0	0.0	0.0	0.0	32.29278794402583	0.0	0.0	0.0	0.0	0.2810553501797741	2.0819856728718946	0.0	0.0	0.0	0.004887346659498558	0.0	13.731678613458865	12.716658190056714	0.0	0.018752930145335207	0.06351827738431734	0.18774271532546355	0.0	0.042690135294890325	0.0	0.0	0.0	2.55599793331915	0.0	0.0	0.0	0.26833631484794274	0.0	0.0	0.016431153466973384	0.0	0.061572363730637104	NA	0.0	13.684117203776763	0.0	0.08547326173399233	0.0	0.05464305229661534	0.0	0.017894956604730235	0.0027062134661182072	0.0	0.06762087230925279	0.0	0.0	0.0	0.0	0.0	0.023102691463555505	0.02959080148799459	NA	0.0	0.0	0.0	0.0	0.0	0.052683708090110214	0.0	0.0	0.17556179775280897	0.0	0.0	0.0	0.0	0.0	0.0	0.0	0.0	0.0038714672861014324	0.0	0.06604438182458612	0.0	0.0	0.0	0.0	24.655406717142302	0.10095611378347882	1.3823682837767346	0.0	0.0	0.0	0.011799410029498525	0.0	0.0	0.018035349284597813	0.0	0.03041465310398432	0.012549150840793106	0.0	0.0	0.0	0.0	0.032654838358550126	0.004856962455680218	0.0	0.0	0.01413727292005372	0.0	0.0	0.0	0.8667968645496134	0.0	0.003232166521219173	0.04662439388287952	0.04714090416254184	0.0	0.050352467270896276	0.0	0.031239017532898587	0.007520493344363391	0.0	0.0	0.0	0.0	0.0	0.017275931172690207	0.0	0.0	36.160230963551065	0.339691664489156	0.011396444309375474	0.0	0.0	0.0	0.0	0.0	0.0	0.0	0.0	0.0	16.70533642691415	1.4649923896499237	0.0	0.0	0.013904338153503892	0.0	0.0	0.0	0.0	0.0	0.0	0.0	0.04146452709706846	0.5949925083060086	0.0	0.0	0.0	0.012215232394796311	11.00440572161348	0.0	0.02763448784082535	0.015226494099733536	0.0	0.0	0.0	0.04766898655734579	0.0	0.05685048322910744	0.0	14.500868036617298	0.0	0.0	0.06496600112607735	0.0	0.0	NA	1.097041807662919	0.0	0.0	0.005526693931690063	0.0	0.07598124348732199	0.0	0.0	0.0	0.024816974810770567	0.0	0.09581263307310149	0.0	0.0	0.0	0.0	0.0	1.4820610260422489	0.0	0.03356114229924335	0.3764936978228843	0.0	0.0	0.21978021978021978	0.03516545345852235	0.01944660517835315	37.75562811479636	0.0	0.0	0.0	0.0	0.01219095918466865	0.0	0.0	NA	0.0	0.01598167434674906	0.0	0.0028966196448744316	0.10605476282298497	0.0	0.05423219723832965	0.010608203677510608	0.0	0.023252208959851185	0.0	0.0	0.0	0.0	NA	0.0	0.04658178430415687	0.0	0.0	0.03252208791804434	0.35696073431922487	0.0	0.6095711772911991	0.0	0.0	0.04293811186809412	0.0	0.2282453637660485	0.0	0.0	0.03706601869774721	0.0	0.0	0.0	0.003957731428345273	0.0	0.30748824309658745	0.0	0.0	0.0	0.02575825874170906	0.0
NA20362	0.0	0.0	0.10580034851879513	0.0	0.0	0.16028417951828106	0.0	0.0	0.0	0.027581859017297764	0.0	0.0	0.0	0.03718960979517107	1.7063747585318738	0.0	0.0	0.0	0.0	0.0	0.0	0.0	0.0	0.0	0.0	0.0	0.0	0.0	0.0	0.0	0.0	0.0	0.0	0.0	0.0	0.0	0.0	0.0	0.0	19.646017699115045	0.0	0.0	0.04236241042115296	0.0	0.0	0.5469594875634307	0.0	0.0	0.0	0.0	0.0	9.02386377263461	0.020063199077092843	0.0	0.020312817387771683	0.01997669385716664	0.13806350921423854	0.05725034759139609	0.026140373807345445	0.0	0.0	0.0	0.9291178305262813	0.0	0.0	0.0	0.0746268656716418	0.0	0.0	0.031100053314377114	0.0	0.0	NA	0.0	10.933901918976547	0.0	0.033006931455605674	0.0	0.05694760820045558	0.0	0.02991026919242273	0.0028111998200832113	0.0	0.021475686454977758	0.0	0.0	0.0	0.0	0.0	0.0	0.0	NA	0.0	0.0	0.0	0.051347881899871634	0.02996105063417557	0.03768865742723519	0.0	0.0	0.026827632461435276	0.0	0.0	0.030144694533762062	0.0	0.0071037863181075515	0.0	0.00823113013416742	0.0	0.0	0.0	0.08244589488148403	0.0	0.0	0.0	0.0	10.572836987931328	0.0	0.8477699963140436	0.0	0.0	0.0	0.0	0.0	0.0	0.0	0.0	0.0	0.021963540522732264	0.0	0.0	0.0	0.0	0.020340706839562673	0.0	0.0	0.0	0.0	0.0	0.0	0.0	0.39848632532538275	0.0	0.0	0.0	0.0	0.0	0.0	0.0	0.015230552488291514	0.0041059330732909054	0.0	0.0	0.0	0.0	0.0326572081715592	0.0	0.0	0.0	29.51894730480411	0.4714201532115498	0.0	0.0023916578972543764	0.023977940294928664	0.0	0.0	0.0	0.024091547881951413	0.0	0.08693907577074834	0.0	11.46342401970216	1.0508447174844395	0.0	0.0	0.0	0.0	0.0	0.0	0.0	0.0	0.0	0.0	0.0	0.3276592343962279	0.0	0.0	0.0	0.03256533420174224	4.8620957782555	0.0	0.030954960532425323	0.0	0.003821169277799006	0.0	0.0	0.051319648093841645	0.0	0.0	0.0	14.226664662558244	0.0	NA	0.029150876608503726	0.0	0.0	NA	0.5587707044502096	0.0	0.0	0.0794912559618442	0.028978507606858245	0.04805751523423233	0.0	0.0	0.0	0.0	0.0	0.0	0.0	0.0	0.0	0.0	0.0	0.2706078268109909	0.0	0.0	0.0	0.04373815424989066	0.0	0.0951617750175298	0.006727211570803902	0.037608123354644606	24.471279373368144	0.0	0.04265171825493541	0.0	0.0	0.0	0.0	0.0	NA	0.0	0.0	0.0	0.0	0.02887808634547817	0.0	0.0	0.0	0.0	0.0	0.0	0.0	0.0	0.0	0.04865390853065196	0.0	0.0	0.0	0.0	0.0	0.021581957483543756	0.0	0.34080605321577084	0.0	0.0	0.0	0.0	0.01984028570011408	0.0	0.0	0.0	0.0	0.0	0.0	0.0	0.0	0.12142126789366053	0.0	0.0	0.0	0.0	0.008776549060909251
